{"COMETV": {"label": 7, "hourly_pop": [[0, 8, 4], [0, 5, 2], [1, 4, 2], [0, 3, 9], [0, 6, 0], [0, 1, 0], [0, 5, 2], [0, 7, 3], [1, 16, 11], [4, 5, 17], [13, 23, 23], [11, 16, 9], [11, 39, 49], [19, 31, 34], [13, 31, 61], [10, 25, 54], [5, 6, 68], [19, 25, 69], [14, 23, 56], [10, 33, 44], [12, 31, 53], [6, 26, 13], [9, 18, 9], [7, 13, 3]], "location": [42.50103, 1.53122]}, "SANTA_COLOMA": {"label": 15, "hourly_pop": [[7, 21, 15], [1, 18, 7], [1, 3, 10], [2, 4, 9], [1, 3, 11], [2, 8, 3], [23, 3, 7], [1, 6, 15], [2, 16, 24], [5, 72, 13], [75, 68, 29], [36, 80, 14], [15, 77, 18], [15, 77, 24], [38, 77, 16], [26, 52, 12], [35, 60, 17], [36, 92, 41], [10, 36, 60], [17, 27, 24], [15, 24, 22], [85, 16, 25], [11, 24, 16], [11, 40, 26]], "location": [42.49688, 1.49829]}, "COMELL": {"label": 6, "hourly_pop": [[12, 47, 65], [3, 26, 31], [3, 14, 11], [3, 10, 11], [4, 10, 4], [5, 12, 5], [6, 14, 7], [5, 124, 25], [38, 160, 69], [47, 287, 129], [37, 239, 52], [46, 90, 69], [49, 114, 56], [73, 121, 39], [59, 96, 67], [79, 100, 43], [81, 94, 53], [100, 162, 62], [153, 87, 29], [64, 74, 43], [35, 112, 43], [45, 50, 55], [41, 15, 40], [12, 33, 29]], "location": [42.49689, 1.51272]}, "PYRENEES": {"label": 14, "hourly_pop": [[118, 516, 77], [104, 139, 66], [17, 46, 40], [14, 65, 36], [17, 58, 38], [20, 61, 44], [18, 211, 44], [82, 131, 138], [68, 296, 126], [186, 225, 163], [306, 298, 168], [305, 258, 181], [894, 352, 165], [1059, 523, 271], [1038, 412, 196], [747, 327, 245], [819, 381, 124], [828, 375, 223], [737, 459, 239], [330, 567, 218], [333, 381, 188], [456, 1431, 202], [196, 389, 254], [644, 247, 170]], "location": [42.50844, 1.52367]}, "ENGOLA": {"label": 1, "hourly_pop": [[0, 0, 0], [0, 0, 0], [0, 0, 0], [0, 0, 0], [0, 0, 0], [0, 0, 0], [0, 0, 0], [0, 0, 0], [0, 0, 0], [0, 0, 0], [0, 0, 0], [0, 0, 0], [0, 0, 0], [0, 0, 0], [0, 0, 0], [0, 0, 0], [0, 0, 0], [0, 0, 0], [0, 0, 0], [0, 0, 0], [0, 0, 0], [0, 0, 0], [0, 0, 0], [0, 0, 0]], "location": [42.51728, 1.56797]}, "NYERRO": {"label": 4, "hourly_pop": [[161, 108, 38], [16, 32, 11], [12, 34, 11], [7, 39, 10], [9, 36, 12], [6, 32, 8], [5, 19, 9], [25, 30, 22], [628, 160, 63], [62, 122, 33], [81, 111, 31], [93, 72, 55], [124, 119, 67], [183, 127, 58], [88, 215, 109], [170, 79, 96], [89, 63, 90], [102, 182, 104], [115, 220, 94], [77, 183, 80], [87, 185, 122], [168, 411, 136], [317, 190, 103], [338, 189, 89]], "location": [42.50417, 1.52726]}, "CGRALI": {"label": 3, "hourly_pop": [[0, 0, 0], [0, 0, 0], [0, 0, 0], [0, 0, 0], [0, 0, 0], [0, 0, 0], [0, 0, 0], [0, 0, 0], [0, 0, 0], [0, 0, 0], [0, 0, 0], [0, 0, 0], [0, 0, 0], [0, 0, 0], [0, 0, 0], [0, 0, 0], [0, 0, 0], [0, 0, 0], [0, 0, 0], [0, 0, 0], [0, 0, 0], [0, 1, 0], [0, 0, 0], [0, 0, 0]], "location": [42.51728, 1.56797]}, "NEXUS": {"label": 12, "hourly_pop": [[0, 0, 0], [0, 0, 0], [0, 0, 0], [0, 0, 0], [0, 0, 0], [0, 0, 0], [0, 0, 0], [0, 0, 0], [0, 0, 0], [0, 0, 0], [0, 0, 0], [0, 0, 0], [0, 0, 0], [0, 0, 0], [0, 0, 0], [0, 0, 0], [0, 0, 0], [0, 0, 0], [0, 0, 0], [0, 0, 0], [0, 0, 0], [0, 0, 0], [0, 0, 0], [0, 0, 0]], "location": [42.49741, 1.50119]}, "POLICIA": {"label": 13, "hourly_pop": [[255, 222, 38], [51, 214, 25], [19, 59, 91], [63, 44, 9], [108, 38, 16], [17, 49, 13], [16, 49, 13], [301, 66, 43], [308, 109, 109], [468, 173, 89], [213, 371, 103], [308, 298, 125], [494, 446, 244], [482, 447, 388], [270, 554, 285], [270, 496, 160], [285, 646, 136], [326, 471, 132], [360, 678, 274], [403, 600, 93], [573, 586, 103], [659, 587, 118], [271, 555, 102], [360, 831, 63]], "location": [42.50742, 1.53814]}, "SUCARA": {"label": 17, "hourly_pop": [[153, 188, 30], [57, 103, 29], [45, 72, 17], [19, 58, 18], [19, 53, 11], [36, 38, 12], [41, 95, 15], [81, 156, 44], [191, 206, 62], [505, 255, 107], [386, 393, 107], [458, 571, 98], [569, 466, 112], [464, 448, 123], [318, 328, 184], [365, 306, 176], [685, 1425, 161], [316, 1126, 148], [349, 455, 182], [724, 520, 146], [604, 385, 107], [409, 438, 90], [491, 388, 190], [220, 200, 186]], "location": [42.51093, 1.54041]}, "PONTPL": {"label": 18, "hourly_pop": [[0, 0, 0], [0, 0, 0], [0, 0, 0], [0, 0, 0], [0, 0, 0], [0, 0, 0], [0, 0, 0], [0, 0, 0], [1, 0, 0], [0, 0, 0], [0, 0, 2], [0, 1, 0], [0, 1, 2], [0, 0, 0], [0, 0, 0], [0, 0, 0], [0, 0, 1], [0, 1, 0], [0, 0, 0], [0, 0, 0], [0, 0, 2], [0, 0, 0], [0, 0, 0], [0, 0, 0]], "location": [42.51533, 1.52725]}, "ANDORRA": {"label": 0, "hourly_pop": [[141, 175, 20], [24, 65, 21], [61, 94, 34], [26, 89, 17], [15, 68, 20], [16, 107, 18], [31, 47, 22], [26, 49, 20], [59, 282, 45], [113, 457, 70], [229, 380, 138], [305, 433, 198], [530, 1197, 263], [677, 1083, 541], [497, 1125, 376], [553, 944, 376], [818, 887, 347], [546, 919, 229], [360, 889, 230], [414, 835, 269], [527, 642, 252], [308, 447, 132], [230, 210, 137], [93, 333, 123]], "location": [42.50794, 1.53253]}, "C_GRAL": {"label": 8, "hourly_pop": [[3, 4, 3], [0, 1, 2], [0, 1, 1], [0, 2, 1], [0, 1, 1], [0, 1, 2], [1, 1, 0], [0, 11, 1], [5, 9, 1], [5, 2, 3], [8, 5, 11], [3, 5, 17], [7, 11, 8], [4, 12, 9], [3, 5, 2], [5, 3, 9], [0, 10, 23], [5, 9, 7], [2, 11, 6], [5, 4, 4], [0, 4, 1], [5, 3, 2], [0, 4, 3], [0, 4, 0]], "location": [42.50629, 1.52104]}, "CONSELL_GENERAL": {"label": 9, "hourly_pop": [[74, 37, 7], [4, 14, 13], [4, 15, 7], [3, 10, 13], [2, 18, 15], [2, 15, 8], [3, 15, 16], [76, 17, 10], [108, 18, 57], [46, 38, 60], [25, 95, 46], [37, 44, 19], [39, 58, 47], [102, 58, 43], [67, 47, 25], [56, 50, 53], [154, 66, 71], [100, 70, 42], [36, 112, 63], [279, 81, 32], [73, 160, 132], [173, 56, 104], [70, 53, 29], [462, 32, 19]], "location": [42.50629, 1.52104]}, "ESTADI_NACIONAL": {"label": 11, "hourly_pop": [[2, 1, 0], [1, 0, 0], [1, 1, 1], [1, 0, 0], [1, 1, 0], [1, 0, 0], [1, 1, 0], [2, 3, 0], [0, 1, 1], [3, 0, 7], [11, 12, 6], [0, 6, 3], [1, 21, 3], [6, 8, 23], [11, 8, 37], [5, 14, 48], [8, 4, 28], [1, 16, 33], [2, 5, 31], [3, 7, 41], [10, 10, 20], [8, 5, 4], [2, 1, 2], [1, 0, 0]], "location": [42.50536, 1.51778]}, "FITER_ROSSELL": {"label": 10, "hourly_pop": [[0, 0, 0], [0, 0, 0], [0, 0, 0], [0, 0, 0], [0, 0, 0], [0, 0, 0], [0, 0, 0], [0, 0, 0], [0, 0, 0], [0, 0, 0], [0, 0, 0], [0, 0, 0], [0, 0, 0], [0, 0, 0], [0, 0, 0], [0, 0, 0], [0, 0, 0], [0, 0, 0], [0, 0, 0], [0, 0, 0], [0, 0, 0], [0, 0, 0], [0, 0, 0], [0, 0, 0]], "location": [42.51389, 1.52861]}, "PARKHO": {"label": 2, "hourly_pop": [[0, 0, 0], [0, 0, 0], [0, 0, 0], [0, 0, 0], [0, 0, 0], [0, 0, 0], [0, 0, 0], [0, 0, 0], [0, 0, 0], [0, 0, 0], [0, 0, 0], [0, 0, 0], [0, 0, 0], [0, 0, 0], [0, 0, 0], [0, 0, 0], [0, 0, 0], [0, 0, 0], [0, 0, 0], [0, 0, 0], [0, 0, 0], [0, 0, 0], [0, 0, 0], [0, 0, 0]], "location": [42.50946, 1.52311]}, "ST_ERMENGOL": {"label": 16, "hourly_pop": [[46, 60, 25], [13, 108, 21], [9, 31, 13], [10, 23, 21], [10, 22, 14], [20, 22, 28], [13, 26, 15], [41, 20, 24], [40, 78, 29], [145, 153, 63], [137, 167, 70], [193, 336, 125], [299, 422, 198], [277, 542, 277], [502, 446, 213], [436, 387, 407], [512, 479, 228], [452, 403, 158], [373, 541, 244], [292, 616, 247], [343, 615, 220], [204, 297, 155], [190, 131, 75], [230, 276, 82]], "location": [42.51144, 1.53072]}, "TUNEL_GRAU_SABATA_MIG": {"label": 19, "hourly_pop": [[10, 20, 0], [3, 0, 1], [3, 0, 1], [5, 0, 1], [3, 0, 1], [2, 0, 0], [2, 0, 0], [2, 0, 0], [5, 4, 0], [8, 7, 2], [1, 2, 1], [4, 5, 0], [46, 7, 1], [5, 2, 0], [49, 13, 8], [18, 13, 13], [24, 22, 2], [22, 9, 0], [9, 16, 9], [50, 13, 11], [36, 8, 561], [4, 19, 2], [4, 4, 158], [40, 10, 3]], "location": [42.51533, 1.52725]}, "VINYES": {"label": 20, "hourly_pop": [[6, 69, 24], [3, 21, 4], [3, 20, 2], [2, 21, 4], [3, 26, 3], [2, 20, 5], [4, 21, 6], [7, 28, 4], [43, 43, 16], [4, 43, 13], [87, 54, 21], [95, 65, 42], [73, 168, 120], [99, 275, 108], [100, 117, 120], [127, 434, 49], [101, 67, 71], [43, 100, 96], [359, 187, 56], [104, 120, 36], [255, 121, 31], [44, 67, 89], [140, 56, 84], [36, 47, 31]], "location": [42.50761, 1.52297]}, "PARKHOTEL": {"label": 5,