{"Centre": {"location": [42.5063, 1.5218], "hourly_pop": [[994, 1529, 355], [287, 857, 238], [185, 435, 261], [157, 398, 165], [198, 376, 150], [130, 404, 152], [168, 547, 160], [652, 707, 354], [1504, 1454, 706], [1640, 1966, 805], [1665, 2398, 894], [1917, 2337, 983], [3161, 3591, 1363], [3491, 3836, 2021], [3073, 3521, 1766], [2893, 3269, 1749], [3651, 4267, 1435], [2913, 4029, 1364], [2908, 3800, 1598], [2798, 3771, 1385], [2932, 3358, 1895], [2593, 3975, 1152], [1980, 2153, 1206], [2478, 2320, 917]]}, "Canillo": {"location": [42.56833, 1.64667], "hourly_pop": [[1022, 199, 130], [136, 148, 68], [83, 104, 44], [69, 80, 52], [78, 60, 36], [41, 70, 44], [50, 80, 56], [143, 127, 222], [391, 344, 445], [486, 315, 289], [543, 403, 276], [881, 410, 189], [1263, 217, 260], [460, 312, 1160], [434, 177, 176], [500, 178, 164], [583, 229, 265], [709, 408, 258], [611, 231, 196], [1101, 278, 211], [644, 301, 184], [698, 325, 179], [1147, 162, 162], [391, 165, 128]]}, "Global": {"location": ["Nan", "Nan"], "hourly_pop": [[0, 0, 1], [5, 0, 2], [0, 0, 1], [0, 0, 1], [1, 1, 1], [1, 2, 1], [4, 6, 0], [0, 28, 3], [3, 35, 19], [18, 47, 11], [27, 40, 23], [30, 77, 9], [17, 109, 4], [15, 48, 17], [26, 31, 25], [21, 52, 7], [6, 23, 9], [13, 34, 20], [11, 26, 7], [5, 17, 11], [4, 17, 11], [10, 4, 11], [4, 3, 11], [6, 2, 1]]}, "PasDeLaCasa": {"location": [42.53278, 1.7], "hourly_pop": [[873, 43, 36], [84, 34, 31], [100, 12, 13], [30, 9, 12], [26, 10, 13], [25, 26, 24], [39, 11, 33], [162, 23, 157], [445, 44, 215], [726, 109, 353], [931, 240, 513], [936, 281, 402], [949, 205, 708], [788, 445, 627], [1052, 194, 622], [1088, 200, 596], [979, 241, 602], [824, 218, 538], [676, 100, 235], [729, 119, 203], [665, 148, 203], [491, 91, 74], [155, 29, 120], [194, 29, 152]]}, "Ordino": {"location": [42.59778, 1.5275], "hourly_pop": [[80, 30, 17], [89, 9, 7], [39, 11, 3], [27, 8, 3], [21, 6, 3], [28, 17, 3], [28, 4, 9], [23, 3, 19], [23, 35, 26], [54, 61, 56], [95, 49, 36], [321, 121, 68], [41, 100, 78], [69, 174, 88], [81, 98, 79], [18, 69, 38], [47, 61, 40], [95, 65, 33], [112, 78, 82], [117, 81, 90], [46, 60, 62], [58, 78, 100], [114, 42, 123], [16, 43, 298]]}, "StJulia": {"location": [42.48722, 1.49], "hourly_pop": [[55, 478, 148], [19, 476, 42], [17, 186, 40], [20, 205, 33], [20, 105, 32], [19, 100, 57], [21, 157, 33], [42, 363, 63], [112, 1274, 157], [281, 3073, 316], [407, 5122, 469], [601, 6099, 639], [658, 5373, 989], [1097, 6432, 1121], [1105, 4582, 1029], [1097, 2777, 738], [716, 3556, 729], [544, 3727, 636], [484, 3234, 633], [380, 2360, 378], [275, 1505, 360], [435, 963, 150], [536, 532, 125], [548, 449, 86]]}, "Encamp": {"location": [42.53444, 1.58], "hourly_pop": [[487, 101, 76], [602, 74, 32], [90, 44, 22], [21, 41, 100], [33, 31, 31], [19, 40, 16], [94, 47, 25], [187, 61, 128], [549, 144, 151], [428, 151, 206], [357, 236, 253], [314, 376, 273], [501, 385, 183], [548, 436, 301], [483, 447, 306], [436, 486, 319], [453, 428, 495], [339, 351, 322], [648, 238, 264], [1022, 277, 825], [502, 184, 587], [320, 220, 214], [215, 164, 173], [373, 145, 685]]}, "Massana": {"location": [42.54391, 1.51493], "hourly_pop": [[374, 182, 247], [138, 183, 95], [81, 69, 88], [117, 89, 75], [42, 78, 63], [49, 74, 72], [86, 199, 76], [193, 143, 90], [395, 320, 275], [1038, 311, 605], [2314, 775, 556], [1362, 449, 358], [1615, 402, 382], [1203, 447, 325], [1561, 300, 470], [2530, 282, 413], [1696, 756, 621], [1667, 751, 819], [1080, 660, 511], [641, 403, 389], [653, 349, 703], [802, 391, 378], [645, 503, 446], [590, 459, 477]]}}