{"Centre": {"location": [42.5063, 1.5218], "hourly_pop": [[1163, 1890, 412], [316, 995, 187], [267, 785, 178], [209, 692, 255], [138, 742, 146], [248, 816, 155], [182, 849, 157], [286, 1167, 186], [1631, 1740, 402], [1261, 2242, 362], [1753, 2208, 367], [1887, 2147, 577], [1672, 2281, 643], [1371, 2498, 675], [1647, 2302, 741], [1636, 1888, 693], [1533, 2097, 965], [1706, 1472, 1130], [1231, 1600, 791], [1038, 1846, 1004], [844, 1043, 905], [818, 856, 939], [1196, 775, 1213], [959, 600, 730]]}, "Canillo": {"location": [42.56833, 1.64667], "hourly_pop": [[41, 69, 87], [38, 56, 22], [54, 39, 19], [28, 28, 21], [79, 68, 21], [27, 31, 25], [40, 39, 41], [53, 43, 124], [95, 99, 130], [332, 190, 138], [356, 421, 143], [526, 197, 134], [415, 349, 178], [515, 208, 233], [260, 445, 131], [425, 176, 173], [224, 123, 150], [240, 100, 176], [277, 91, 208], [213, 86, 292], [308, 99, 149], [359, 78, 136], [225, 118, 243], [222, 134, 56]]}, "Global": {"location": ["Nan", "Nan"], "hourly_pop": [[1, 4, 5], [0, 4, 6], [7, 5, 11], [0, 6, 5], [0, 6, 3], [0, 7, 7], [1, 5, 5], [2, 8, 3], [0, 14, 6], [4, 21, 5], [12, 52, 4], [13, 56, 7], [21, 61, 9], [11, 32, 5], [7, 31, 9], [18, 22, 8], [24, 12, 17], [9, 14, 7], [11, 5, 4], [12, 10, 7], [12, 3, 5], [9, 5, 6], [4, 6, 7], [0, 3, 4]]}, "PasDeLaCasa": {"location": [42.53278, 1.7], "hourly_pop": [[62, 10, 13], [102, 4, 7], [32, 9, 4], [25, 2, 6], [21, 2, 7], [18, 5, 14], [31, 2, 9], [106, 11, 29], [623, 35, 138], [930, 43, 283], [1162, 94, 364], [1539, 252, 375], [2119, 293, 593], [2263, 256, 436], [1951, 174, 506], [1649, 153, 451], [2168, 128, 382], [958, 213, 537], [830, 152, 271], [623, 63, 165], [387, 44, 122], [78, 48, 111], [44, 1, 83], [29, 7, 36]]}, "Ordino": {"location": [42.59778, 1.5275], "hourly_pop": [[29, 19, 12], [14, 13, 4], [15, 12, 5], [8, 19, 4], [10, 11, 7], [10, 14, 4], [18, 16, 4], [106, 127, 12], [102, 201, 12], [59, 207, 14], [72, 104, 47], [87, 165, 37], [133, 325, 60], [181, 618, 72], [249, 361, 74], [162, 159, 37], [117, 83, 30], [87, 49, 37], [48, 42, 41], [90, 20, 81], [57, 26, 40], [92, 37, 40], [66, 19, 18], [9, 14, 18]]}, "StJulia": {"location": [42.48722, 1.49], "hourly_pop": [[13, 204, 68], [4, 169, 35], [4, 129, 30], [2, 69, 34], [2, 37, 26], [3, 77, 16], [12, 156, 22], [7, 257, 42], [43, 546, 66], [172, 1666, 139], [194, 2671, 333], [432, 3061, 286], [324, 3473, 337], [311, 2489, 420], [469, 1912, 476], [242, 1885, 511], [683, 2571, 430], [280, 2390, 401], [351, 1721, 323], [331, 1579, 316], [169, 1072, 259], [129, 852, 259], [25, 870, 128], [29, 522, 152]]}, "Encamp": {"location": [42.53444, 1.58], "hourly_pop": [[87, 127, 48], [171, 98, 28], [92, 102, 23], [32, 69, 29], [45, 46, 40], [41, 56, 27], [40, 71, 29], [161, 105, 46], [189, 190, 102], [354, 279, 91], [479, 392, 102], [607, 416, 112], [577, 492, 137], [750, 360, 136], [657, 972, 152], [533, 1170, 273], [546, 397, 472], [509, 173, 415], [577, 137, 168], [351, 79, 196], [366, 68, 129], [219, 176, 72], [714, 88, 49], [619, 78, 86]]}, "Massana": {"location": [42.54391, 1.51493], "hourly_pop": [[406, 596, 106], [551, 221, 45], [103, 178, 47], [63, 219, 52], [79, 212, 42], [139, 222, 39], [301, 105, 45], [561, 151, 218], [444, 262, 219], [1213, 199, 283], [1546, 408, 276], [1629, 483, 268], [1919, 553, 426], [2268, 509, 409], [1820, 301, 425], [1562, 514, 332], [1041, 391, 468], [955, 340, 482], [1112, 249, 358], [296, 175, 293], [1153, 224, 561], [242, 133, 144], [608, 115, 324], [139, 127, 86]]}}