{"COMETV": {"label": 7, "hourly_pop": [[1, 19, 8], [1, 26, 6], [9, 12, 4], [1, 0, 5], [1, 0, 7], [0, 0, 5], [1, 1, 5], [11, 23, 7], [30, 31, 10], [36, 32, 16], [28, 51, 18], [31, 66, 11], [28, 51, 22], [17, 60, 19], [28, 43, 41], [6, 17, 76], [29, 27, 20], [18, 54, 15], [47, 15, 23], [73, 15, 40], [33, 10, 31], [86, 7, 19], [28, 6, 6], [4, 14, 16]], "location": [42.50103, 1.53122]}, "SANTA_COLOMA": {"label": 15, "hourly_pop": [[2, 2, 3], [3, 13, 1], [3, 4, 0], [1, 0, 7], [1, 0, 1], [1, 2, 0], [0, 1, 1], [4, 20, 3], [6, 17, 8], [9, 40, 5], [13, 114, 9], [22, 118, 11], [25, 48, 50], [9, 81, 8], [24, 101, 13], [9, 75, 20], [11, 49, 29], [16, 52, 11], [18, 53, 11], [29, 77, 5], [9, 42, 19], [44, 20, 5], [13, 14, 2], [5, 12, 5]], "location": [42.49688, 1.49829]}, "COMELL": {"label": 6, "hourly_pop": [[39, 71, 17], [20, 63, 7], [6, 20, 13], [14, 14, 8], [17, 1, 8], [14, 8, 11], [39, 42, 15], [293, 44, 32], [182, 106, 62], [180, 117, 56], [59, 137, 56], [128, 127, 49], [150, 104, 74], [139, 104, 36], [206, 81, 55], [320, 187, 45], [292, 84, 44], [82, 64, 73], [158, 87, 103], [175, 48, 113], [75, 39, 57], [169, 36, 127], [161, 20, 57], [68, 44, 17]], "location": [42.49689, 1.51272]}, "PYRENEES": {"label": 14, "hourly_pop": [[746, 227, 93], [155, 33, 66], [204, 23, 26], [56, 49, 28], [76, 48, 27], [64, 33, 28], [84, 46, 43], [122, 46, 67], [185, 83, 88], [311, 128, 1622], [387, 411, 203], [1033, 219, 167], [342, 215, 223], [461, 338, 129], [429, 506, 143], [345, 408, 123], [276, 302, 202], [372, 221, 158], [596, 332, 189], [892, 315, 270], [1736, 274, 449], [664, 277, 235], [464, 146, 414], [868, 113, 128]], "location": [42.50844, 1.52367]}, "ENGOLA": {"label": 1, "hourly_pop": [[0, 0, 0], [0, 0, 0], [0, 0, 0], [0, 0, 0], [0, 0, 0], [0, 0, 0], [0, 0, 0], [0, 0, 0], [0, 0, 0], [0, 0, 0], [0, 0, 0], [0, 0, 0], [0, 0, 0], [0, 0, 0], [0, 0, 0], [0, 0, 0], [0, 0, 0], [0, 0, 0], [0, 0, 0], [0, 0, 0], [0, 0, 0], [0, 0, 0], [0, 0, 0], [0, 0, 0]], "location": [42.51728, 1.56797]}, "NYERRO": {"label": 4, "hourly_pop": [[16, 60, 6], [38, 11, 5], [41, 11, 7], [15, 8, 5], [23, 15, 11], [27, 16, 4], [28, 9, 10], [93, 11, 6], [102, 29, 13], [117, 47, 58], [86, 65, 92], [48, 93, 52], [88, 58, 41], [127, 98, 63], [147, 206, 74], [54, 122, 30], [117, 93, 22], [52, 79, 43], [113, 63, 67], [98, 96, 41], [160, 162, 48], [231, 300, 22], [92, 92, 44], [102, 146, 32]], "location": [42.50417, 1.52726]}, "CGRALI": {"label": 3, "hourly_pop": [[0, 0, 0], [0, 0, 0], [0, 0, 0], [0, 0, 0], [0, 0, 0], [0, 0, 0], [0, 0, 0], [0, 0, 0], [0, 0, 0], [0, 0, 0], [0, 0, 0], [0, 0, 0], [0, 0, 0], [1, 0, 1], [1, 0, 0], [0, 0, 0], [0, 0, 0], [0, 0, 0], [0, 0, 0], [0, 0, 0], [0, 0, 0], [0, 0, 0], [0, 0, 0], [0, 0, 0]], "location": [42.51728, 1.56797]}, "NEXUS": {"label": 12, "hourly_pop": [[0, 0, 0], [0, 0, 0], [0, 0, 0], [0, 0, 0], [0, 0, 0], [0, 0, 0], [0, 0, 0], [0, 0, 0], [0, 0, 0], [0, 0, 0], [0, 0, 0], [0, 0, 0], [0, 0, 0], [0, 0, 0], [0, 0, 0], [0, 0, 0], [0, 0, 0], [0, 0, 0], [0, 0, 0], [0, 0, 0], [0, 0, 0], [0, 0, 0], [0, 0, 0], [0, 0, 0]], "location": [42.49741, 1.50119]}, "POLICIA": {"label": 13, "hourly_pop": [[233, 88, 33], [151, 46, 32], [55, 43, 25], [63, 26, 48], [90, 34, 92], [45, 38, 29], [62, 32, 30], [227, 62, 38], [401, 204, 61], [596, 186, 66], [540, 177, 61], [491, 245, 125], [863, 436, 102], [791, 412, 118], [531, 418, 209], [406, 352, 203], [552, 339, 162], [455, 703, 160], [835, 362, 157], [667, 457, 72], [820, 366, 134], [791, 206, 80], [1169, 122, 66], [542, 191, 27]], "location": [42.50742, 1.53814]}, "SUCARA": {"label": 17, "hourly_pop": [[132, 241, 50], [43, 63, 32], [26, 35, 19], [44, 22, 20], [24, 24, 25], [34, 34, 24], [53, 53, 34], [61, 71, 30], [147, 145, 62], [211, 180, 58], [229, 221, 94], [231, 209, 117], [619, 257, 97], [481, 405, 156], [402, 242, 116], [275, 326, 483], [745, 357, 185], [475, 374, 135], [524, 534, 186], [538, 514, 236], [404, 267, 175], [331, 333, 141], [218, 135, 38], [280, 198, 56]], "location": [42.51093, 1.54041]}, "PONTPL": {"label": 18, "hourly_pop": [[0, 0, 0], [0, 0, 0], [0, 0, 0], [0, 0, 0], [0, 0, 0], [0, 0, 0], [0, 0, 0], [1, 0, 0], [1, 0, 0], [0, 0, 0], [2, 0, 0], [1, 0, 0], [2, 0, 0], [0, 0, 0], [1, 0, 0], [1, 0, 0], [0, 1, 0], [0, 1, 1], [1, 0, 3], [0, 0, 0], [0, 0, 1], [1, 0, 0], [0, 0, 0], [0, 0, 0]], "location": [42.51533, 1.52725]}, "ANDORRA": {"label": 0, "hourly_pop": [[231, 140, 29], [59, 82, 30], [43, 44, 27], [28, 40, 24], [44, 31, 20], [68, 38, 24], [179, 57, 33], [181, 83, 31], [301, 186, 64], [600, 141, 60], [803, 255, 106], [725, 390, 165], [828, 435, 161], [751, 734, 810], [893, 474, 209], [697, 380, 282], [750, 451, 388], [588, 498, 302], [664, 540, 425], [684, 599, 250], [816, 597, 187], [394, 279, 235], [434, 152, 65], [446, 176, 68]], "location": [42.50794, 1.53253]}, "C_GRAL": {"label": 8, "hourly_pop": [[1, 2, 2], [0, 4, 1], [1, 1, 0], [2, 1, 2], [0, 1, 2], [1, 1, 0], [0, 2, 1], [0, 3, 1], [2, 4, 3], [10, 4, 8], [16, 3, 12], [12, 20, 8], [2, 9, 10], [12, 9, 19], [4, 11, 7], [5, 6, 6], [9, 9, 19], [1, 10, 9], [2, 6, 17], [8, 5, 4], [2, 6, 5], [0, 5, 5], [0, 3, 2], [1, 3, 4]], "location": [42.50629, 1.52104]}, "CONSELL_GENERAL": {"label": 9, "hourly_pop": [[75, 107, 27], [53, 39, 27], [79, 10, 14], [14, 6, 12], [18, 12, 41], [25, 15, 11], [33, 4, 26], [60, 7, 55], [175, 47, 321], [512, 49, 39], [93, 55, 47], [1017, 76, 27], [466, 55, 50], [103, 59, 23], [86, 104, 31], [92, 53, 34], [36, 47, 62], [115, 60, 25], [39, 78, 31], [253, 77, 16], [25, 45, 45], [57, 12, 47], [39, 14, 31], [15, 57, 22]], "location": [42.50629, 1.52104]}, "ESTADI_NACIONAL": {"label": 11, "hourly_pop": [[6, 19, 3], [22, 11, 2], [2, 16, 5], [1, 16, 6], [3, 16, 1], [2, 7, 1], [175, 16, 1], [159, 18, 1], [12, 5, 1], [40, 41, 1], [12, 84, 0], [7, 102, 6], [23, 168, 12], [7, 141, 13], [71, 27, 71], [34, 10, 4], [12, 19, 6], [11, 18, 7], [45, 1, 1], [4, 7, 1], [8, 10, 2], [9, 12, 2], [10, 7, 14], [2, 1, 1]], "location": [42.50536, 1.51778]}, "FITER_ROSSELL": {"label": 10, "hourly_pop": [[0, 0, 0], [0, 0, 0], [0, 0, 0], [0, 0, 0], [0, 0, 0], [0, 0, 0], [0, 0, 0], [0, 0, 0], [0, 0, 0], [0, 0, 0], [0, 0, 0], [0, 0, 0], [0, 0, 0], [0, 0, 0], [0, 0, 0], [0, 0, 0], [0, 0, 0], [0, 0, 0], [0, 0, 0], [0, 0, 0], [0, 0, 0], [0, 0, 0], [0, 0, 0], [0, 0, 0]], "location": [42.51389, 1.52861]}, "PARKHO": {"label": 2, "hourly_pop": [[0, 0, 0], [0, 0, 0], [0, 0, 0], [0, 0, 0], [0, 0, 0], [0, 0, 0], [0, 0, 0], [0, 0, 0], [0, 0, 0], [0, 0, 0], [0, 0, 0], [0, 0, 0], [0, 0, 0], [0, 0, 0], [0, 0, 0], [0, 0, 0], [0, 0, 0], [0, 0, 0], [0, 0, 0], [0, 0, 0], [0, 0, 0], [0, 0, 0], [0, 0, 0], [0, 0, 0]], "location": [42.50946, 1.52311]}, "ST_ERMENGOL": {"label": 16, "hourly_pop": [[389, 56, 40], [18, 18, 26], [66, 14, 17], [21, 14, 24], [17, 16, 25], [16, 20, 17], [25, 22, 17], [57, 15, 23], [88, 52, 39], [387, 122, 80], [339, 101, 86], [350, 200, 135], [444, 403, 189], [690, 519, 309], [533, 288, 198], [451, 194, 247], [615, 337, 264], [416, 277, 191], [394, 402, 233], [385, 464, 201], [387, 398, 153], [337, 226, 177], [171, 85, 79], [74, 306, 30]], "location": [42.51144, 1.53072]}, "TUNEL_GRAU_SABATA_MIG": {"label": 19, "hourly_pop": [[89, 8, 1], [8, 2, 1], [6, 2, 0], [6, 2, 0], [6, 2, 0], [62, 2, 0], [215, 2, 0], [296, 8, 0], [4, 7, 0], [30, 21, 1], [21, 4, 1], [11, 7, 3], [6, 10, 0], [1, 5, 2], [8, 6, 2], [27, 14, 10], [23, 8, 27], [11, 28, 11], [7, 20, 19], [39, 5, 11], [22, 5, 4], [38, 7, 12], [94, 2, 2], [10, 12, 0]], "location": [42.51533, 1.52725]}, "VINYES": {"label": 20, "hourly_pop": [[15, 15, 9], [29, 6, 3], [12, 6, 6], [9, 3, 4], [9, 5, 4], [7, 17, 4], [12, 9, 10], [48, 11, 12], [364, 30, 14], [52, 35, 13], [74, 43, 36], [54, 61, 31], [140, 192, 66], [127, 348, 73], [117, 187, 50], [178, 70, 17], [61, 68, 57], [145, 66, 42], [58, 85, 50], [98, 123, 70], [104, 85, 55], [112, 66, 92], [90, 22, 308], [82, 26, 53]], "location": [42.50761, 1.52297]}, "PARKHOTEL": {"label": 5,