{"Centre": {"location": [42.5063, 1.5218], "hourly_pop": [[2004, 1070, 332], [668, 424, 250], [574, 248, 169], [298, 204, 200], [352, 212, 276], [390, 239, 162], [962, 304, 241], [1641, 435, 331], [2041, 993, 775], [3168, 1204, 2156], [2833, 1784, 858], [4313, 2047, 967], [4260, 2491, 1111], [3787, 3359, 1796], [3690, 2732, 1238], [2965, 2258, 1586], [3599, 2385, 1493], [2997, 2566, 1198], [3545, 2616, 1544], [3997, 2836, 1365], [4651, 2339, 1380], [3327, 1813, 1212], [3017, 831, 1134], [2568, 1338, 490]]}, "Canillo": {"location": [42.56833, 1.64667], "hourly_pop": [[123, 171, 127], [80, 97, 42], [138, 54, 35], [95, 48, 34], [205, 76, 28], [73, 38, 56], [140, 37, 49], [354, 76, 122], [451, 174, 125], [606, 331, 151], [900, 293, 214], [848, 293, 308], [1098, 238, 258], [1197, 245, 282], [899, 274, 246], [1068, 171, 386], [1079, 274, 347], [998, 302, 259], [1719, 298, 278], [935, 257, 217], [935, 224, 311], [1293, 228, 261], [670, 231, 243], [469, 173, 303]]}, "Global": {"location": ["Nan", "Nan"], "hourly_pop": [[37, 4, 12], [55, 13, 27], [25, 9, 3], [58, 7, 3], [15, 19, 8], [19, 9, 2], [13, 5, 6], [20, 25, 8], [35, 10, 4], [89, 35, 44], [73, 43, 15], [66, 47, 39], [111, 66, 25], [110, 59, 31], [105, 106, 31], [163, 67, 34], [123, 47, 22], [130, 43, 23], [83, 35, 25], [86, 21, 25], [79, 20, 25], [53, 9, 17], [29, 2, 13], [8, 1, 3]]}, "PasDeLaCasa": {"location": [42.53278, 1.7], "hourly_pop": [[272, 31, 59], [204, 31, 26], [134, 21, 41], [153, 23, 20], [206, 28, 63], [157, 15, 77], [566, 15, 50], [638, 26, 70], [1233, 94, 229], [1584, 169, 387], [1962, 247, 506], [2152, 350, 908], [1943, 408, 957], [2049, 435, 694], [2117, 285, 592], [2623, 222, 863], [2851, 327, 661], [2669, 228, 522], [2094, 298, 417], [1043, 183, 384], [1094, 166, 405], [855, 111, 146], [552, 89, 166], [1126, 72, 115]]}, "Ordino": {"location": [42.59778, 1.5275], "hourly_pop": [[36, 37, 55], [31, 44, 47], [19, 23, 13], [17, 14, 9], [19, 16, 10], [26, 11, 11], [56, 22, 16], [267, 29, 25], [202, 95, 60], [287, 146, 67], [538, 239, 111], [449, 204, 134], [586, 193, 97], [521, 176, 70], [242, 114, 97], [478, 98, 131], [321, 135, 126], [658, 125, 78], [682, 144, 147], [489, 85, 106], [378, 149, 155], [481, 157, 80], [345, 331, 56], [189, 36, 52]]}, "StJulia": {"location": [42.48722, 1.49], "hourly_pop": [[334, 653, 74], [150, 248, 119], [165, 149, 73], [89, 101, 68], [147, 113, 90], [258, 102, 57], [177, 161, 145], [286, 602, 75], [540, 1597, 143], [739, 3021, 226], [786, 4601, 627], [809, 6947, 592], [1000, 6946, 1026], [1011, 5486, 772], [838, 2931, 1407], [709, 2528, 597], [1142, 2568, 600], [691, 3146, 553], [635, 2681, 382], [403, 2199, 318], [170, 1376, 302], [196, 720, 127], [510, 416, 171], [164, 435, 91]]}, "Encamp": {"location": [42.53444, 1.58], "hourly_pop": [[723, 90, 90], [668, 60, 114], [164, 46, 50], [305, 48, 59], [84, 48, 58], [115, 45, 85], [99, 51, 65], [764, 67, 96], [458, 107, 145], [695, 235, 159], [757, 228, 155], [973, 251, 240], [1331, 380, 227], [1363, 369, 303], [856, 515, 300], [864, 245, 258], [710, 251, 293], [1365, 188, 290], [1288, 180, 200], [1155, 442, 224], [723, 469, 385], [770, 246, 197], [686, 139, 532], [699, 173, 125]]}, "Massana": {"location": [42.54391, 1.51493], "hourly_pop": [[1367, 1818, 529], [616, 156, 169], [313, 109, 118], [251, 184, 114], [304, 117, 206], [473, 161, 223], [793, 208, 274], [1368, 431, 430], [1723, 442, 545], [2153, 441, 538], [3096, 631, 418], [2048, 628, 488], [2024, 547, 538], [2615, 700, 526], [2658, 624, 455], [2644, 702, 524], [2377, 519, 430], [2912, 439, 689], [3367, 586, 528], [2467, 710, 576], [1453, 628, 539], [1989, 558, 448], [2435, 726, 328], [2590, 454, 253]]}}