{"COMETV": {"label": 7, "hourly_pop": [[2, 11, 4], [1, 10, 2], [1, 2, 1], [1, 3, 2], [1, 4, 2], [1, 5, 9], [2, 3, 3], [2, 3, 1], [5, 9, 2], [2, 11, 9], [10, 21, 11], [6, 19, 17], [12, 15, 23], [10, 14, 52], [10, 15, 31], [10, 19, 16], [12, 5, 21], [11, 13, 27], [14, 21, 36], [2, 19, 16], [13, 22, 21], [5, 8, 20], [16, 3, 9], [2, 7, 7]], "location": [42.50103, 1.53122]}, "SANTA_COLOMA": {"label": 15, "hourly_pop": [[1, 5, 17], [5, 4, 23], [1, 5, 13], [2, 0, 20], [2, 2, 18], [0, 1, 20], [1, 1, 13], [0, 2, 15], [1, 19, 6], [15, 17, 3], [5, 49, 5], [2, 53, 3], [19, 105, 5], [10, 357, 42], [18, 165, 23], [10, 77, 22], [1, 73, 9], [21, 36, 44], [16, 87, 8], [13, 199, 6], [1, 27, 6], [2, 29, 3], [0, 75, 16], [10, 30, 11]], "location": [42.49688, 1.49829]}, "COMELL": {"label": 6, "hourly_pop": [[20, 69, 13], [28, 21, 10], [9, 17, 12], [19, 11, 11], [11, 11, 8], [11, 36, 6], [13, 13, 4], [13, 35, 3], [16, 23, 15], [48, 72, 17], [55, 53, 22], [76, 92, 38], [85, 92, 22], [14, 65, 34], [26, 117, 39], [72, 62, 67], [21, 148, 53], [27, 210, 87], [259, 186, 61], [44, 52, 45], [98, 93, 54], [39, 35, 68], [7, 31, 49], [11, 35, 55]], "location": [42.49689, 1.51272]}, "PYRENEES": {"label": 14, "hourly_pop": [[217, 204, 110], [37, 52, 20], [30, 69, 26], [40, 34, 44], [28, 38, 24], [45, 49, 21], [37, 34, 22], [90, 265, 18], [165, 144, 34], [359, 189, 73], [174, 174, 59], [220, 241, 139], [209, 208, 125], [190, 189, 100], [363, 179, 104], [188, 192, 67], [193, 248, 130], [134, 142, 87], [98, 103, 66], [225, 124, 118], [93, 191, 87], [73, 55, 166], [295, 74, 56], [185, 37, 64]], "location": [42.50844, 1.52367]}, "ENGOLA": {"label": 1, "hourly_pop": [[0, 0, 0], [0, 0, 0], [0, 0, 0], [0, 0, 0], [0, 0, 0], [0, 0, 0], [0, 0, 0], [0, 0, 0], [0, 0, 0], [0, 0, 0], [0, 0, 0], [0, 0, 0], [0, 0, 0], [0, 0, 0], [0, 0, 0], [0, 0, 0], [0, 0, 0], [0, 0, 0], [0, 0, 0], [0, 0, 0], [0, 0, 0], [0, 0, 0], [0, 0, 0], [0, 0, 0]], "location": [42.51728, 1.56797]}, "NYERRO": {"label": 4, "hourly_pop": [[17, 102, 56], [5, 9, 32], [6, 8, 14], [7, 13, 35], [3, 17, 10], [2, 8, 13], [5, 6, 24], [34, 10, 3], [118, 39, 6], [102, 33, 28], [279, 57, 17], [50, 81, 50], [31, 78, 27], [103, 81, 56], [26, 43, 60], [46, 35, 47], [27, 104, 97], [65, 78, 20], [20, 31, 37], [34, 673, 100], [23, 174, 65], [19, 18, 23], [29, 28, 31], [11, 42, 163]], "location": [42.50417, 1.52726]}, "CGRALI": {"label": 3, "hourly_pop": [[0, 0, 0], [0, 0, 0], [0, 0, 0], [0, 0, 0], [0, 0, 0], [0, 0, 0], [0, 0, 0], [0, 0, 0], [0, 0, 0], [0, 0, 0], [0, 0, 0], [0, 0, 0], [0, 1, 0], [0, 0, 0], [0, 0, 0], [0, 0, 0], [0, 0, 0], [0, 0, 0], [0, 0, 0], [0, 0, 0], [0, 0, 0], [0, 0, 0], [0, 0, 0], [0, 0, 0]], "location": [42.51728, 1.56797]}, "NEXUS": {"label": 12, "hourly_pop": [[0, 0, 0], [0, 0, 0], [0, 0, 0], [0, 0, 0], [0, 0, 0], [0, 0, 0], [0, 0, 0], [0, 0, 0], [0, 0, 0], [0, 0, 0], [0, 0, 0], [0, 0, 0], [0, 0, 0], [0, 0, 0], [0, 0, 0], [0, 0, 0], [0, 0, 0], [0, 0, 0], [0, 0, 0], [0, 0, 0], [0, 0, 0], [0, 0, 0], [0, 0, 0], [0, 0, 0]], "location": [42.49741, 1.50119]}, "POLICIA": {"label": 13, "hourly_pop": [[243, 786, 48], [100, 559, 8], [130, 479, 23], [53, 311, 56], [17, 506, 11], [22, 534, 13], [50, 550, 21], [37, 578, 51], [94, 698, 68], [53, 686, 74], [272, 612, 52], [147, 329, 47], [271, 258, 60], [222, 404, 73], [297, 205, 62], [269, 261, 102], [237, 363, 101], [201, 205, 120], [243, 130, 107], [138, 112, 154], [82, 160, 131], [72, 101, 206], [108, 83, 309], [182, 81, 142]], "location": [42.50742, 1.53814]}, "SUCARA": {"label": 17, "hourly_pop": [[68, 342, 21], [15, 70, 30], [16, 45, 22], [12, 150, 28], [18, 43, 17], [11, 38, 11], [12, 39, 11], [27, 82, 18], [1040, 269, 36], [304, 186, 42], [402, 255, 37], [150, 260, 33], [249, 360, 44], [200, 456, 46], [145, 268, 73], [169, 200, 124], [280, 481, 250], [191, 181, 167], [85, 95, 109], [201, 153, 154], [95, 98, 210], [72, 212, 167], [337, 128, 140], [168, 131, 105]], "location": [42.51093, 1.54041]}, "PONTPL": {"label": 18, "hourly_pop": [[0, 0, 0], [0, 1, 0], [0, 0, 0], [0, 0, 0], [0, 0, 0], [0, 0, 0], [0, 0, 0], [0, 1, 0], [0, 0, 0], [0, 0, 1], [0, 0, 1], [0, 0, 0], [0, 1, 0], [0, 0, 0], [0, 0, 4], [0, 0, 0], [0, 0, 0], [0, 0, 0], [0, 1, 0], [0, 0, 0], [0, 0, 0], [0, 0, 0], [0, 0, 1], [0, 0, 0]], "location": [42.51533, 1.52725]}, "ANDORRA": {"label": 0, "hourly_pop": [[56, 160, 69], [41, 158, 23], [21, 80, 16], [26, 105, 16], [22, 50, 20], [112, 59, 14], [28, 134, 21], [49, 103, 18], [106, 279, 165], [171, 277, 37], [318, 479, 80], [295, 413, 87], [466, 418, 172], [312, 443, 123], [433, 341, 112], [634, 225, 103], [297, 307, 113], [620, 257, 112], [272, 228, 142], [111, 254, 135], [102, 103, 106], [108, 94, 87], [90, 67, 96], [154, 41, 77]], "location": [42.50794, 1.53253]}, "C_GRAL": {"label": 8, "hourly_pop": [[1, 5, 0], [0, 3, 0], [0, 2, 0], [0, 9, 4], [0, 10, 4], [0, 7, 13], [0, 2, 2], [1, 3, 3], [0, 3, 1], [3, 4, 3], [2, 7, 4], [6, 13, 5], [0, 4, 2], [1, 5, 3], [1, 11, 2], [0, 7, 2], [0, 14, 5], [0, 6, 3], [5, 13, 1], [1, 10, 2], [2, 8, 4], [3, 2, 6], [1, 5, 6], [0, 3, 1]], "location": [42.50629, 1.52104]}, "CONSELL_GENERAL": {"label": 9, "hourly_pop": [[59, 40, 13], [6, 19, 7], [7, 14, 5], [5, 11, 8], [7, 23, 8], [9, 26, 8], [4, 20, 13], [4, 29, 29], [18, 39, 32], [39, 121, 30], [32, 65, 13], [33, 102, 21], [21, 48, 6], [21, 20, 19], [20, 56, 32], [5, 36, 18], [8, 140, 19], [55, 64, 46], [39, 432, 44], [32, 52, 44], [29, 22, 35], [129, 29, 67], [43, 48, 51], [40, 26, 12]], "location": [42.50629, 1.52104]}, "ESTADI_NACIONAL": {"label": 11, "hourly_pop": [[0, 1, 0], [0, 0, 0], [1, 4, 0], [1, 0, 0], [0, 0, 0], [1, 0, 0], [3, 0, 0], [1, 0, 0], [2, 3, 0], [5, 17, 0], [4, 104, 4], [9, 100, 1], [1, 37, 0], [8, 11, 1], [0, 107, 4], [1, 42, 4], [1, 3, 2], [3, 8, 5], [2, 26, 7], [1, 15, 2], [13, 20, 3], [4, 5, 0], [7, 30, 3], [1, 33, 1]], "location": [42.50536, 1.51778]}, "FITER_ROSSELL": {"label": 10, "hourly_pop": [[0, 0, 0], [0, 0, 0], [0, 0, 0], [0, 0, 0], [0, 0, 0], [0, 0, 0], [0, 0, 0], [0, 0, 0], [0, 0, 0], [0, 0, 0], [0, 0, 0], [0, 0, 0], [0, 0, 0], [0, 0, 0], [0, 0, 0], [0, 0, 0], [0, 0, 0], [0, 0, 0], [0, 0, 0], [0, 0, 0], [0, 0, 0], [0, 0, 0], [0, 0, 0], [0, 0, 0]], "location": [42.51389, 1.52861]}, "PARKHO": {"label": 2, "hourly_pop": [[0, 0, 0], [0, 0, 0], [0, 0, 0], [0, 0, 0], [0, 0, 0], [0, 0, 0], [0, 0, 0], [0, 0, 0], [0, 0, 0], [0, 0, 0], [0, 0, 0], [0, 0, 0], [0, 0, 0], [0, 0, 0], [0, 0, 0], [0, 0, 0], [0, 0, 0], [0, 0, 0], [0, 0, 0], [0, 0, 0], [0, 0, 0], [0, 0, 0], [0, 0, 0], [0, 0, 0]], "location": [42.50946, 1.52311]}, "ST_ERMENGOL": {"label": 16, "hourly_pop": [[59, 95, 36], [39, 26, 15], [35, 29, 38], [21, 22, 17], [16, 18, 15], [23, 28, 18], [18, 19, 14], [17, 28, 19], [42, 173, 23], [77, 533, 30], [99, 170, 33], [821, 282, 74], [234, 522, 108], [209, 347, 83], [246, 268, 122], [173, 138, 65], [162, 163, 101], [133, 210, 367], [84, 177, 134], [114, 112, 163], [151, 59, 103], [55, 227, 82], [49, 97, 413], [23, 63, 41]], "location": [42.51144, 1.53072]}, "TUNEL_GRAU_SABATA_MIG": {"label": 19, "hourly_pop": [[11, 5, 7], [2, 5, 5], [1, 4, 4], [1, 4, 6], [1, 3, 4], [1, 3, 4], [1, 3, 4], [1, 4, 3], [1, 4, 3], [4, 6, 3], [1, 9, 5], [1, 8, 5], [1, 3, 6], [3, 7, 9], [1, 7, 7], [0, 5, 11], [1, 2, 7], [1, 7, 6], [3, 14, 12], [16, 4, 27], [2, 6, 33], [9, 1, 6], [15, 5, 4], [1, 15, 4]], "location": [42.51533, 1.52725]}, "VINYES": {"label": 20, "hourly_pop": [[37, 17, 15], [6, 45, 9], [3, 11, 3], [4, 5, 5], [3, 4, 3], [4, 6, 3], [2, 6, 3], [4, 4, 2], [6, 14, 3], [13, 30, 4], [42, 78, 19], [39, 83, 38], [68, 76, 33], [45, 49, 21], [26, 478, 30], [33, 570, 39], [264, 27, 16], [165, 30, 21], [45, 33, 15], [56, 18, 26], [91, 37, 24], [50, 27, 19], [114, 34, 12], [31, 23, 32]], "location": [42.50761, 1.52297]}, "PARKHOTEL": {"label": 5,