{"Centre": {"hourly_pop": [[8106, 730, 2628], [5782, 450, 1201], [2274, 431, 506], [811, 329, 432], [2016, 335, 1141], [1796, 325, 484], [2559, 287, 583], [4743, 345, 2331], [7658, 936, 3596], [13373, 1680, 4878], [13506, 2400, 6018], [10969, 2465, 7204], [8216, 2785, 4114], [5460, 2668, 2800], [4247, 2084, 1740], [3754, 1705, 2023], [4094, 1872, 2275], [3028, 1851, 2027], [2149, 3658, 1860], [2484, 1770, 1245], [2112, 1674, 1773], [1888, 1191, 2375], [1631, 1675, 539], [1200, 971, 560]], "location": [42.5063, 1.5218]}, "Canillo": {"hourly_pop": [[1068, 84, 147], [375, 92, 95], [233, 86, 72], [119, 141, 69], [90, 31, 61], [123, 25, 73], [251, 24, 98], [1107, 82, 435], [1010, 136, 523], [1525, 164, 462], [906, 194, 692], [809, 169, 356], [1007, 103, 480], [1188, 212, 878], [489, 508, 317], [597, 241, 349], [700, 88, 258], [344, 130, 353], [318, 162, 239], [292, 101, 194], [286, 98, 164], [210, 175, 181], [288, 57, 92], [299, 32, 120]], "location": [42.56833, 1.64667]}, "Global": {"hourly_pop": [[0, 1, 1], [0, 5, 2], [0, 1, 0], [1, 2, 0], [0, 2, 0], [0, 2, 0], [2, 1, 2], [2, 0, 5], [3, 7, 5], [4, 8, 6], [16, 20, 2], [6, 6, 7], [29, 10, 15], [5, 7, 18], [14, 3, 12], [7, 4, 11], [8, 0, 7], [8, 4, 6], [17, 15, 4], [26, 7, 8], [5, 3, 9], [2, 3, 2], [0, 8, 0], [3, 2, 1]], "location": ["Nan", "Nan"]}, "PasDeLaCasa": {"hourly_pop": [[98, 10, 83], [87, 6, 59], [69, 6, 50], [61, 7, 19], [33, 7, 16], [57, 6, 24], [85, 11, 43], [385, 50, 154], [1362, 125, 377], [1210, 218, 561], [1275, 212, 1500], [2211, 196, 661], [2279, 149, 1308], [3207, 159, 1761], [6197, 148, 920], [2166, 152, 994], [1002, 185, 735], [835, 93, 646], [876, 124, 357], [578, 37, 336], [347, 30, 231], [226, 15, 54], [154, 10, 185], [140, 0, 1142]], "location": [42.53278, 1.7]}, "Ordino": {"hourly_pop": [[20, 25, 18], [13, 15, 17], [10, 10, 14], [13, 6, 11], [12, 11, 14], [11, 8, 12], [13, 11, 16], [39, 10, 36], [75, 17, 42], [141, 27, 49], [156, 42, 22], [36, 36, 34], [55, 21, 61], [56, 83, 41], [73, 35, 36], [81, 21, 27], [68, 48, 45], [273, 22, 29], [61, 29, 56], [218, 19, 87], [146, 16, 130], [116, 18, 70], [31, 20, 38], [60, 8, 8]], "location": [42.59778, 1.5275]}, "StJulia": {"hourly_pop": [[449, 180, 56], [171, 109, 42], [49, 84, 46], [47, 52, 32], [50, 50, 27], [37, 41, 39], [35, 56, 36], [64, 403, 140], [300, 1027, 324], [679, 1463, 317], [660, 2407, 393], [959, 3069, 846], [1062, 2622, 513], [470, 2510, 566], [791, 1446, 762], [603, 1098, 538], [641, 1395, 578], [867, 1375, 529], [365, 1268, 802], [413, 1105, 331], [185, 879, 259], [171, 446, 238], [75, 445, 251], [55, 171, 53]], "location": [42.48722, 1.49]}, "Encamp": {"hourly_pop": [[645, 67, 98], [75, 39, 66], [71, 47, 57], [48, 46, 60], [172, 41, 57], [52, 42, 55], [151, 30, 206], [648, 203, 115], [927, 156, 429], [1158, 155, 384], [1101, 171, 596], [998, 121, 251], [3074, 151, 940], [1833, 179, 477], [1299, 154, 241], [514, 130, 298], [612, 164, 202], [1536, 148, 229], [977, 212, 235], [726, 144, 205], [388, 84, 240], [251, 72, 251], [252, 47, 118], [507, 49, 67]], "location": [42.53444, 1.58]}, "Massana": {"hourly_pop": [[1692, 604, 1496], [535, 119, 1281], [271, 97, 1506], [183, 95, 1474], [322, 79, 1459], [360, 64, 1359], [1203, 63, 1050], [1538, 159, 1393], [1568, 291, 2529], [1498, 236, 2178], [1439, 265, 2090], [613, 215, 410], [533, 249, 437], [652, 304, 351], [688, 178, 423], [1041, 219, 390], [881, 204, 383], [825, 168, 481], [1136, 214, 357], [1055, 152, 488], [761, 125, 454], [393, 120, 352], [668, 106, 249], [437, 80, 139]], "location": [42.54391, 1.51493]}}