{"COMETV": {"label": 7, "hourly_pop": [[19, 9, 32], [15, 30, 26], [15, 28, 9], [3, 24, 7], [10, 12, 12], [30, 6, 10], [6, 1, 7], [11, 7, 12], [12, 16, 20], [33, 48, 60], [45, 26, 85], [54, 19, 54], [63, 18, 63], [57, 42, 36], [56, 26, 68], [74, 20, 55], [47, 58, 56], [59, 46, 51], [51, 27, 66], [45, 27, 43], [36, 15, 35], [59, 12, 73], [20, 8, 27], [78, 11, 15]], "location": [42.50103, 1.53122]}, "SANTA_COLOMA": {"label": 15, "hourly_pop": [[5, 11, 7], [12, 1, 3], [20, 1, 6], [3, 1, 6], [3, 1, 6], [1, 1, 3], [0, 1, 3], [3, 7, 11], [8, 19, 10], [11, 34, 26], [59, 27, 43], [41, 36, 78], [37, 69, 72], [9, 255, 38], [15, 49, 30], [21, 47, 18], [30, 48, 19], [17, 55, 23], [20, 28, 23], [57, 19, 20], [6, 24, 29], [8, 21, 14], [7, 10, 33], [9, 12, 4]], "location": [42.49688, 1.49829]}, "COMELL": {"label": 6, "hourly_pop": [[1475, 62, 227], [1194, 27, 128], [1165, 16, 137], [1050, 18, 190], [348, 22, 52], [79, 42, 27], [35, 48, 28], [72, 70, 78], [247, 65, 101], [401, 130, 215], [692, 85, 315], [625, 110, 253], [1507, 141, 248], [625, 183, 270], [663, 96, 174], [589, 109, 125], [741, 73, 265], [1055, 485, 166], [620, 98, 158], [871, 68, 245], [478, 67, 95], [161, 64, 64], [79, 29, 94], [132, 53, 41]], "location": [42.49689, 1.51272]}, "PYRENEES": {"label": 14, "hourly_pop": [[967, 84, 475], [315, 42, 154], [265, 14, 89], [209, 10, 91], [487, 9, 120], [955, 16, 189], [932, 17, 122], [746, 22, 653], [774, 61, 785], [2542, 166, 893], [1581, 329, 642], [2142, 257, 1179], [2294, 281, 815], [2231, 359, 660], [1275, 279, 750], [1431, 183, 732], [1955, 231, 590], [1980, 218, 896], [1894, 165, 1095], [2734, 171, 503], [1980, 162, 861], [2150, 86, 1285], [2242, 137, 1042], [1153, 41, 725]], "location": [42.50844, 1.52367]}, "ENGOLA": {"label": 1, "hourly_pop": [[0, 0, 0], [0, 0, 0], [0, 0, 0], [0, 0, 0], [0, 0, 0], [0, 0, 0], [0, 0, 0], [0, 0, 0], [0, 0, 0], [0, 0, 0], [0, 0, 0], [0, 0, 0], [0, 0, 0], [0, 0, 0], [0, 0, 0], [0, 0, 0], [0, 0, 0], [0, 0, 0], [0, 0, 0], [0, 0, 0], [0, 0, 0], [0, 0, 0], [0, 0, 0], [0, 0, 0]], "location": [42.51728, 1.56797]}, "NYERRO": {"label": 4, "hourly_pop": [[665, 76, 103], [146, 34, 29], [181, 30, 38], [128, 30, 30], [437, 13, 34], [66, 13, 19], [143, 8, 23], [185, 144, 25], [220, 205, 123], [842, 57, 288], [502, 121, 312], [552, 116, 279], [699, 196, 171], [973, 156, 118], [620, 105, 149], [634, 81, 137], [877, 95, 125], [440, 97, 127], [609, 109, 266], [618, 202, 171], [454, 122, 129], [559, 50, 90], [742, 20, 169], [512, 22, 318]], "location": [42.50417, 1.52726]}, "CGRALI": {"label": 3, "hourly_pop": [[0, 0, 0], [0, 0, 0], [0, 0, 0], [0, 0, 0], [0, 0, 0], [0, 0, 0], [0, 0, 0], [0, 0, 0], [0, 0, 1], [0, 0, 0], [0, 0, 0], [0, 0, 0], [0, 0, 0], [0, 0, 0], [0, 0, 1], [0, 0, 0], [0, 0, 0], [0, 0, 0], [0, 0, 0], [1, 0, 1], [0, 0, 0], [0, 0, 0], [0, 0, 0], [0, 0, 0]], "location": [42.51728, 1.56797]}, "NEXUS": {"label": 12, "hourly_pop": [[0, 0, 0], [0, 0, 0], [0, 0, 0], [0, 0, 0], [0, 0, 0], [0, 0, 0], [0, 0, 0], [0, 0, 4], [0, 0, 2], [0, 10, 0], [0, 0, 6], [0, 0, 7], [1, 0, 9], [0, 3, 11], [0, 3, 1], [0, 3, 0], [0, 3, 5], [0, 17, 5], [0, 0, 3], [0, 0, 0], [0, 0, 0], [0, 0, 0], [0, 0, 0], [0, 0, 0]], "location": [42.49741, 1.50119]}, "POLICIA": {"label": 13, "hourly_pop": [[1533, 215, 7245], [1551, 167, 8017], [426, 33, 8215], [402, 40, 8067], [404, 27, 877], [279, 85, 87], [108, 32, 85], [820, 52, 554], [1254, 119, 529], [1989, 305, 927], [2010, 244, 866], [3650, 305, 900], [3322, 744, 1207], [3515, 415, 837], [2844, 356, 1129], [2638, 380, 964], [2165, 269, 1522], [2701, 252, 1240], [2680, 223, 937], [2859, 245, 745], [4130, 222, 805], [3077, 253, 873], [3113, 463, 890], [4568, 1141, 890]], "location": [42.50742, 1.53814]}, "SUCARA": {"label": 17, "hourly_pop": [[1476, 197, 1240], [1417, 51, 307], [793, 77, 238], [461, 33, 391], [395, 35, 174], [890, 31, 80], [304, 31, 77], [267, 74, 154], [775, 223, 315], [957, 544, 603], [1786, 583, 586], [1748, 614, 696], [3399, 455, 1050], [1396, 450, 1222], [1171, 479, 837], [1757, 322, 476], [1927, 249, 920], [1754, 269, 920], [2050, 348, 1974], [2134, 434, 565], [1635, 346, 708], [1436, 262, 439], [1746, 225, 502], [1589, 241, 478]], "location": [42.51093, 1.54041]}, "PONTPL": {"label": 18, "hourly_pop": [[0, 0, 0], [0, 0, 0], [0, 0, 0], [1, 0, 1], [0, 0, 0], [0, 0, 0], [1, 0, 0], [0, 1, 0], [0, 0, 0], [0, 0, 0], [2, 1, 1], [1, 0, 0], [0, 1, 1], [1, 0, 0], [6, 0, 1], [0, 0, 1], [0, 0, 2], [0, 0, 3], [1, 0, 2], [0, 0, 1], [0, 0, 1], [0, 0, 0], [0, 0, 0], [2, 0, 0]], "location": [42.51533, 1.52725]}, "ANDORRA": {"label": 0, "hourly_pop": [[2690, 95, 725], [1315, 50, 247], [807, 43, 240], [599, 23, 142], [642, 30, 109], [150, 21, 157], [273, 25, 179], [305, 34, 291], [900, 120, 841], [1437, 215, 923], [1810, 466, 3136], [3611, 893, 1088], [2909, 522, 1489], [4278, 557, 1098], [3494, 462, 786], [2747, 412, 878], [1610, 392, 1087], [2368, 454, 1741], [1931, 557, 1026], [1993, 423, 1124], [1378, 409, 1316], [1662, 263, 1511], [1867, 182, 1504], [885, 72, 542]], "location": [42.50794, 1.53253]}, "C_GRAL": {"label": 8, "hourly_pop": [[6, 6, 6], [1, 1, 8], [7, 2, 4], [1, 1, 8], [5, 1, 2], [3, 1, 1], [8, 2, 1], [10, 1, 3], [14, 4, 5], [10, 14, 13], [29, 11, 27], [29, 9, 45], [31, 8, 20], [15, 3, 25], [15, 14, 18], [20, 19, 6], [35, 9, 9], [11, 5, 10], [17, 14, 4], [8, 3, 6], [5, 2, 4], [16, 4, 3], [15, 11, 14], [9, 8, 1]], "location": [42.50629, 1.52104]}, "CONSELL_GENERAL": {"label": 9, "hourly_pop": [[404, 26, 215], [220, 8, 105], [90, 6, 23], [148, 3, 18], [79, 4, 19], [31, 5, 10], [26, 13, 23], [48, 20, 20], [218, 20, 72], [371, 103, 121], [558, 83, 226], [288, 93, 146], [373, 63, 92], [497, 43, 151], [186, 19, 57], [344, 61, 60], [267, 25, 115], [737, 64, 202], [437, 31, 140], [465, 25, 76], [661, 12, 38], [319, 27, 39], [244, 16, 73], [651, 11, 62]], "location": [42.50629, 1.52104]}, "ESTADI_NACIONAL": {"label": 11, "hourly_pop": [[1, 78, 3], [1, 19, 2], [38, 114, 11], [73, 49, 0], [10, 120, 1], [0, 22, 0], [0, 8, 0], [2, 17, 3], [4, 43, 0], [2, 66, 9], [5, 81, 21], [24, 40, 6], [109, 24, 45], [35, 28, 3], [11, 30, 5], [18, 36, 20], [82, 43, 29], [11, 36, 17], [13, 37, 4], [21, 33, 3], [13, 19, 3], [11, 25, 1], [7, 31, 4], [9, 11, 2]], "location": [42.50536, 1.51778]}, "FITER_ROSSELL": {"label": 10, "hourly_pop": [[0, 0, 0], [0, 0, 0], [0, 0, 0], [0, 0, 0], [0, 0, 0], [0, 0, 0], [0, 0, 0], [0, 0, 0], [0, 0, 0], [0, 0, 0], [0, 0, 0], [0, 0, 0], [0, 0, 0], [0, 0, 0], [0, 0, 0], [0, 0, 0], [0, 0, 0], [0, 0, 0], [0, 0, 0], [0, 0, 0], [0, 0, 0], [0, 0, 0], [0, 0, 0], [0, 0, 0]], "location": [42.51389, 1.52861]}, "PARKHO": {"label": 2, "hourly_pop": [[0, 0, 0], [0, 0, 0], [0, 0, 0], [0, 0, 0], [0, 0, 0], [0, 0, 0], [0, 0, 0], [0, 0, 0], [0, 0, 0], [0, 0, 0], [0, 0, 0], [0, 0, 0], [0, 0, 0], [0, 0, 0], [0, 0, 0], [0, 0, 0], [0, 0, 0], [0, 0, 0], [0, 0, 0], [0, 0, 0], [0, 0, 0], [0, 0, 0], [0, 0, 0], [0, 0, 0]], "location": [42.50946, 1.52311]}, "ST_ERMENGOL": {"label": 16, "hourly_pop": [[1297, 42, 762], [882, 57, 401], [6356, 24, 139], [757, 5, 89], [326, 3, 55], [238, 10, 48], [103, 10, 44], [139, 16, 248], [489, 63, 252], [821, 185, 449], [822, 277, 467], [1728, 393, 666], [1713, 456, 1198], [1679, 507, 900], [1285, 255, 598], [1128, 188, 861], [1050, 377, 689], [1117, 259, 716], [1607, 272, 843], [1316, 218, 912], [1928, 258, 1110], [882, 135, 1213], [1088, 88, 981], [632, 57, 861]], "location": [42.51144, 1.53072]}, "TUNEL_GRAU_SABATA_MIG": {"label": 19, "hourly_pop": [[85, 3, 3], [72, 1, 2], [152, 1, 3], [20, 1, 2], [88, 1, 2], [8, 1, 1], [7, 1, 2], [19, 3, 1], [41, 0, 2], [141, 5, 60], [174, 3, 41], [196, 6, 109], [332, 12, 90], [146, 4, 172], [150, 5, 88], [216, 7, 22], [230, 4, 26], [240, 3, 20], [276, 1, 38], [254, 15, 90], [130, 4, 20], [121, 2, 5], [127, 1, 20], [50, 1, 3]], "location": [42.51533, 1.52725]}, "VINYES": {"label": 20,