{"COMETV": {"label": 7, "hourly_pop": [[9, 13, 17], [5, 3, 5], [2, 3, 8], [2, 4, 6], [1, 6, 5], [2, 3, 4], [4, 1, 6], [9, 5, 9], [43, 3, 20], [62, 11, 38], [73, 37, 30], [55, 31, 56], [47, 5, 34], [10, 11, 72], [14, 28, 38], [45, 20, 29], [17, 11, 50], [23, 39, 37], [15, 22, 56], [18, 18, 33], [21, 19, 69], [2, 12, 45], [1, 27, 18], [7, 11, 11]], "location": [42.50103, 1.53122]}, "SANTA_COLOMA": {"label": 15, "hourly_pop": [[5, 2, 4], [1, 3, 15], [1, 4, 27], [3, 4, 14], [500, 1, 17], [349, 1, 23], [301, 3, 25], [16, 12, 15], [17, 41, 8], [13, 40, 17], [16, 88, 9], [47, 124, 29], [71, 64, 25], [77, 93, 20], [32, 44, 29], [45, 50, 21], [52, 56, 25], [73, 54, 32], [21, 15, 20], [2, 17, 10], [5, 14, 5], [3, 22, 7], [2, 14, 2], [3, 1, 1]], "location": [42.49688, 1.49829]}, "COMELL": {"label": 6, "hourly_pop": [[299, 23, 26], [77, 11, 19], [32, 35, 19], [27, 14, 28], [55, 11, 74], [15, 9, 29], [28, 18, 26], [65, 67, 44], [267, 103, 67], [841, 132, 129], [513, 175, 170], [97, 118, 133], [110, 127, 79], [128, 187, 147], [99, 162, 95], [249, 151, 175], [295, 129, 118], [173, 185, 177], [343, 159, 138], [151, 112, 99], [207, 80, 90], [110, 112, 111], [213, 156, 16], [93, 99, 29]], "location": [42.49689, 1.51272]}, "PYRENEES": {"label": 14, "hourly_pop": [[1183, 53, 643], [686, 34, 393], [115, 30, 94], [94, 24, 89], [163, 18, 214], [103, 46, 73], [303, 16, 115], [799, 41, 701], [890, 102, 1150], [1098, 158, 1274], [650, 244, 551], [426, 227, 616], [676, 251, 191], [416, 294, 251], [605, 253, 161], [847, 181, 395], [826, 228, 453], [593, 185, 400], [338, 198, 343], [582, 195, 163], [477, 194, 154], [570, 192, 136], [289, 194, 114], [236, 103, 82]], "location": [42.50844, 1.52367]}, "ENGOLA": {"label": 1, "hourly_pop": [[0, 0, 0], [0, 0, 0], [0, 0, 0], [0, 0, 0], [0, 0, 0], [0, 0, 0], [0, 0, 0], [0, 0, 0], [0, 0, 0], [0, 0, 0], [0, 0, 0], [0, 0, 0], [0, 0, 0], [0, 0, 0], [0, 0, 0], [0, 0, 0], [0, 0, 0], [0, 0, 0], [0, 0, 0], [0, 0, 0], [0, 0, 0], [0, 0, 0], [0, 0, 0], [0, 0, 0]], "location": [42.51728, 1.56797]}, "NYERRO": {"label": 4, "hourly_pop": [[381, 22, 142], [32, 10, 68], [26, 16, 23], [21, 12, 18], [19, 12, 16], [16, 14, 22], [84, 14, 59], [46, 15, 56], [232, 36, 215], [172, 82, 155], [201, 145, 187], [83, 90, 152], [115, 79, 119], [99, 136, 112], [79, 62, 34], [68, 46, 85], [101, 55, 58], [74, 61, 52], [83, 58, 62], [170, 68, 54], [188, 72, 58], [194, 84, 45], [130, 155, 76], [197, 93, 25]], "location": [42.50417, 1.52726]}, "CGRALI": {"label": 3, "hourly_pop": [[0, 0, 0], [0, 0, 0], [0, 0, 0], [0, 0, 0], [0, 0, 0], [0, 0, 0], [0, 0, 0], [0, 0, 0], [0, 0, 1], [0, 0, 0], [0, 0, 0], [0, 0, 0], [0, 0, 3], [0, 0, 0], [0, 0, 0], [0, 0, 2], [0, 0, 1], [0, 0, 0], [0, 0, 0], [0, 0, 0], [0, 0, 0], [0, 0, 1], [0, 0, 1], [0, 0, 0]], "location": [42.51728, 1.56797]}, "NEXUS": {"label": 12, "hourly_pop": [[0, 0, 0], [0, 0, 0], [0, 0, 0], [0, 0, 0], [0, 0, 0], [0, 0, 0], [0, 0, 0], [0, 0, 4], [0, 0, 0], [0, 1, 0], [0, 4, 0], [0, 20, 1], [0, 18, 0], [0, 5, 3], [0, 4, 0], [0, 14, 4], [0, 9, 0], [0, 7, 1], [0, 7, 2], [0, 3, 0], [0, 1, 0], [0, 0, 0], [0, 0, 0], [0, 0, 0]], "location": [42.49741, 1.50119]}, "POLICIA": {"label": 13, "hourly_pop": [[1889, 263, 488], [2801, 87, 251], [988, 47, 75], [108, 29, 73], [115, 35, 79], [567, 34, 103], [929, 37, 124], [1578, 44, 344], [1298, 108, 821], [2103, 234, 906], [3426, 306, 890], [1984, 376, 1476], [1404, 462, 1151], [906, 408, 519], [1115, 219, 283], [543, 219, 199], [646, 207, 247], [228, 241, 193], [184, 192, 226], [220, 290, 157], [189, 206, 760], [167, 132, 868], [264, 110, 58], [92, 62, 191]], "location": [42.50742, 1.53814]}, "SUCARA": {"label": 17, "hourly_pop": [[1766, 196, 406], [506, 178, 83], [684, 173, 66], [172, 149, 55], [82, 155, 54], [307, 140, 48], [393, 125, 59], [702, 57, 390], [1937, 238, 456], [3395, 297, 624], [3264, 441, 1354], [3617, 554, 2093], [3114, 653, 790], [987, 408, 440], [931, 307, 287], [497, 318, 209], [332, 334, 457], [333, 283, 318], [260, 391, 144], [649, 242, 187], [375, 300, 153], [248, 158, 113], [106, 238, 42], [65, 217, 75]], "location": [42.51093, 1.54041]}, "PONTPL": {"label": 18, "hourly_pop": [[0, 1, 0], [0, 0, 0], [0, 0, 0], [0, 0, 0], [0, 0, 0], [0, 0, 0], [0, 0, 0], [0, 0, 0], [3, 0, 0], [0, 0, 3], [3, 0, 1], [1, 0, 1], [0, 0, 0], [0, 0, 0], [0, 3, 0], [0, 0, 0], [0, 0, 0], [0, 0, 1], [0, 1, 0], [0, 3, 0], [0, 0, 0], [0, 0, 0], [0, 0, 0], [0, 0, 0]], "location": [42.51533, 1.52725]}, "ANDORRA": {"label": 0, "hourly_pop": [[703, 58, 200], [164, 54, 108], [167, 45, 71], [66, 43, 73], [161, 45, 609], [237, 41, 102], [320, 39, 106], [640, 49, 534], [925, 118, 374], [1408, 260, 1048], [1312, 350, 1020], [987, 356, 751], [575, 457, 424], [572, 438, 455], [423, 559, 307], [497, 315, 495], [488, 415, 504], [284, 336, 467], [260, 2236, 393], [288, 358, 209], [244, 358, 168], [317, 250, 86], [294, 117, 57], [282, 186, 47]], "location": [42.50794, 1.53253]}, "C_GRAL": {"label": 8, "hourly_pop": [[11, 9, 9], [3, 7, 2], [0, 3, 4], [0, 2, 2], [0, 14, 4], [1, 7, 0], [2, 0, 0], [12, 2, 1], [22, 2, 9], [22, 1, 14], [9, 3, 8], [5, 12, 5], [9, 2, 4], [7, 4, 5], [1, 12, 5], [0, 5, 3], [3, 6, 10], [4, 4, 30], [2, 4, 21], [9, 13, 14], [3, 16, 8], [2, 5, 12], [1, 7, 1], [1, 1, 2]], "location": [42.50629, 1.52104]}, "CONSELL_GENERAL": {"label": 9, "hourly_pop": [[582, 4, 62], [393, 2, 14], [56, 7, 13], [23, 4, 11], [28, 4, 13], [91, 2, 6], [30, 3, 15], [114, 19, 23], [428, 36, 82], [574, 67, 95], [514, 87, 127], [341, 68, 70], [130, 64, 30], [89, 178, 49], [98, 58, 45], [295, 30, 45], [29, 22, 29], [244, 76, 80], [232, 51, 125], [70, 29, 77], [72, 72, 103], [52, 20, 86], [25, 524, 77], [38, 17, 50]], "location": [42.50629, 1.52104]}, "ESTADI_NACIONAL": {"label": 11, "hourly_pop": [[8, 29, 0], [6, 26, 0], [1, 24, 0], [1, 16, 1], [1, 5, 1], [1, 3, 0], [1, 7, 0], [6, 3, 0], [4, 30, 3], [13, 23, 0], [4, 45, 5], [11, 31, 9], [6, 18, 0], [9, 11, 22], [12, 4, 0], [3, 8, 6], [7, 10, 1], [5, 38, 3], [5, 25, 6], [4, 13, 3], [53, 12, 25], [31, 15, 1], [3, 26, 0], [0, 24, 0]], "location": [42.50536, 1.51778]}, "FITER_ROSSELL": {"label": 10, "hourly_pop": [[0, 0, 0], [0, 0, 0], [0, 0, 0], [0, 0, 0], [0, 0, 0], [0, 0, 0], [0, 0, 0], [0, 0, 0], [0, 0, 0], [0, 0, 0], [0, 0, 0], [0, 0, 0], [0, 0, 0], [0, 0, 0], [0, 0, 0], [0, 0, 0], [0, 0, 0], [0, 0, 0], [0, 0, 0], [0, 0, 0], [0, 0, 0], [0, 0, 0], [0, 0, 0], [0, 0, 0]], "location": [42.51389, 1.52861]}, "PARKHO": {"label": 2, "hourly_pop": [[0, 0, 0], [0, 0, 0], [0, 0, 0], [0, 0, 0], [0, 0, 0], [0, 0, 0], [0, 0, 0], [0, 0, 0], [0, 0, 0], [0, 0, 0], [0, 0, 0], [0, 0, 0], [0, 0, 0], [0, 0, 0], [0, 0, 0], [0, 0, 0], [0, 0, 0], [0, 0, 0], [0, 0, 0], [0, 0, 0], [0, 0, 0], [0, 0, 0], [0, 0, 0], [0, 0, 0]], "location": [42.50946, 1.52311]}, "ST_ERMENGOL": {"label": 16, "hourly_pop": [[531, 28, 398], [278, 15, 233], [82, 20, 82], [196, 14, 49], [39, 9, 39], [57, 9, 51], [119, 10, 33], [537, 17, 65], [1179, 62, 331], [3001, 274, 469], [2878, 378, 1577], [2593, 344, 1769], [1566, 369, 1190], [1870, 314, 514], [571, 250, 357], [480, 254, 286], [372, 268, 213], [244, 276, 174], [207, 189, 187], [193, 279, 159], [137, 212, 115], [97, 74, 821], [155, 40, 28], [66, 123, 23]], "location": [42.51144, 1.53072]}, "TUNEL_GRAU_SABATA_MIG": {"label": 19, "hourly_pop": [[30, 1, 3], [4, 1, 2], [4, 1, 2], [4, 1, 2], [4, 1, 2], [4, 1, 2], [5, 1, 2], [4, 1, 2], [28, 1, 3], [6, 2, 4], [2, 3, 18], [1, 3, 1], [0, 5, 4], [14, 2, 3], [1, 1, 6], [4, 8, 5], [48, 1, 3], [5, 2, 14], [5, 4, 22], [2, 26, 14], [43, 12, 7], [3, 0, 3], [0, 0, 4], [1, 1, 2]], "location": [42.51533, 1.52725]}, "VINYES": {"label": 20, "hourly_pop": [[77, 7, 137], [15, 9, 4], [9, 10, 14], [16, 5, 6], [9, 7, 5], [8, 7, 2], [13, 7, 2], [80, 7, 4], [55, 15, 21], [201, 58, 43], [137, 56, 37], [51, 56, 21], [95, 119, 41], [108, 109, 124], [89, 84, 47], [77, 61, 52], [44, 83, 44], [264, 42, 24], [165, 64, 60], [45, 79, 45], [59, 55, 37], [37, 70, 24], [96, 45, 10], [38, 11, 9]], "location": [42.50761, 1.52297]},