{"Centre": {"location": [42.5063, 1.5218], "hourly_pop": [[4075, 1075, 635], [3423, 781, 1114], [2122, 503, 463], [613, 435, 354], [914, 373, 356], [1371, 394, 330], [677, 424, 527], [652, 600, 563], [1837, 1154, 902], [2935, 1808, 838], [3191, 2475, 952], [4512, 2752, 1675], [5145, 2627, 1996], [4178, 1850, 1843], [7198, 2474, 2398], [6369, 1888, 2494], [7102, 1791, 2317], [6488, 1797, 2312], [8048, 1565, 2489], [8935, 2104, 4606], [13474, 1600, 8952], [13176, 1813, 6649], [13396, 2053, 6656], [16260, 1332, 10200]]}, "Canillo": {"location": [42.56833, 1.64667], "hourly_pop": [[1253, 316, 383], [543, 114, 232], [346, 130, 66], [304, 71, 89], [101, 65, 91], [96, 73, 68], [856, 67, 72], [341, 64, 140], [646, 238, 888], [794, 330, 277], [1242, 507, 244], [761, 410, 224], [709, 433, 455], [584, 192, 435], [938, 142, 359], [778, 281, 293], [1098, 183, 226], [1068, 119, 406], [1315, 277, 377], [1150, 213, 362], [1818, 293, 574], [2857, 197, 1021], [4624, 159, 838], [2200, 164, 562]]}, "Global": {"location": ["Nan", "Nan"], "hourly_pop": [[2, 5, 32], [0, 7, 16], [0, 5, 4], [1, 10, 1], [9, 6, 1], [2, 7, 4], [2, 18, 5], [1, 21, 13], [11, 18, 12], [16, 27, 8], [18, 41, 33], [26, 46, 37], [36, 44, 52], [47, 14, 37], [62, 35, 75], [141, 31, 95], [128, 36, 153], [36, 31, 46], [53, 20, 67], [128, 30, 104], [66, 19, 86], [16, 8, 53], [3, 2, 19], [9, 12, 15]]}, "PasDeLaCasa": {"location": [42.53278, 1.7], "hourly_pop": [[2428, 131, 333], [1385, 82, 425], [2046, 57, 95], [308, 65, 79], [95, 19, 31], [913, 20, 46], [101, 36, 48], [572, 49, 90], [928, 113, 292], [1522, 186, 448], [1597, 331, 578], [1736, 590, 799], [2052, 370, 1233], [1626, 286, 773], [1291, 246, 566], [1206, 147, 734], [1092, 165, 406], [1373, 188, 446], [1241, 107, 540], [874, 55, 306], [600, 59, 362], [466, 108, 211], [841, 76, 243], [497, 31, 124]]}, "Ordino": {"location": [42.59778, 1.5275], "hourly_pop": [[337, 160, 140], [369, 289, 116], [185, 54, 124], [345, 38, 82], [590, 38, 69], [128, 45, 92], [285, 33, 102], [638, 115, 405], [1151, 157, 540], [2052, 579, 808], [2630, 667, 1021], [2223, 1243, 1121], [3416, 1283, 1591], [3597, 1648, 2042], [4571, 1468, 2225], [4376, 1072, 2542], [5296, 1385, 2756], [6733, 1350, 3884], [6511, 1547, 4435], [7861, 1407, 3958], [7213, 836, 3489], [5079, 378, 2065], [1130, 105, 559], [1290, 141, 398]]}, "StJulia": {"location": [42.48722, 1.49], "hourly_pop": [[34, 1539, 264], [200, 535, 177], [74, 257, 112], [70, 161, 29], [41, 117, 53], [39, 77, 36], [351, 137, 187], [124, 347, 63], [176, 1522, 124], [470, 2711, 330], [829, 5038, 737], [1147, 5350, 2270], [880, 3166, 1461], [1167, 2432, 879], [2824, 1156, 1590], [2508, 1478, 2313], [1694, 2478, 1522], [1714, 1922, 617], [1964, 1912, 681], [912, 2052, 522], [1172, 1686, 432], [517, 1043, 367], [463, 681, 322], [474, 546, 272]]}, "Encamp": {"location": [42.53444, 1.58], "hourly_pop": [[635, 146, 601], [730, 112, 238], [333, 426, 186], [150, 81, 175], [102, 81, 95], [127, 73, 64], [163, 87, 97], [209, 115, 151], [1124, 243, 137], [1111, 420, 722], [1959, 620, 553], [2768, 780, 660], [2174, 844, 1240], [2066, 1268, 1126], [3393, 890, 2019], [5357, 1198, 2683], [4685, 844, 2182], [2624, 842, 712], [966, 269, 516], [789, 177, 393], [1131, 151, 561], [695, 281, 527], [682, 385, 365], [764, 371, 394]]}, "Massana": {"location": [42.54391, 1.51493], "hourly_pop": [[1944, 390, 413], [1897, 323, 340], [836, 132, 453], [580, 144, 173], [337, 208, 118], [555, 131, 110], [981, 125, 154], [1399, 129, 1268], [2472, 259, 793], [2376, 859, 839], [2505, 863, 854], [3855, 817, 1623], [3871, 955, 2216], [2821, 711, 1686], [3699, 662, 1976], [5144, 676, 2498], [5487, 866, 2719], [5040, 567, 2665], [3093, 619, 3993], [5182, 682, 5883], [5811, 702, 4990], [6472, 598, 4066], [4445, 490, 3242], [4707, 317, 2917]]}}