{"COMETV": {"label": 7, "hourly_pop": [[7, 8, 25], [4, 2, 12], [3, 0, 5], [4, 0, 5], [4, 1, 4], [2, 2, 1], [2, 35, 2], [1, 36, 5], [4, 2, 6], [13, 5, 39], [22, 21, 44], [16, 10, 63], [15, 25, 43], [16, 21, 81], [28, 10, 33], [31, 16, 26], [21, 13, 32], [17, 14, 16], [36, 4, 23], [31, 11, 38], [67, 10, 22], [32, 16, 25], [21, 13, 40], [22, 11, 35]], "location": [42.50103, 1.53122]}, "SANTA_COLOMA": {"label": 15, "hourly_pop": [[15, 54, 25], [6, 15, 20], [5, 8, 14], [0, 10, 21], [0, 4, 14], [0, 5, 3], [0, 3, 5], [7, 10, 25], [6, 31, 20], [46, 67, 31], [38, 121, 26], [43, 82, 69], [82, 72, 66], [95, 19, 102], [455, 8, 121], [326, 13, 90], [127, 60, 57], [47, 49, 42], [22, 43, 45], [65, 38, 47], [33, 21, 79], [25, 35, 27], [28, 71, 47], [31, 16, 27]], "location": [42.49688, 1.49829]}, "COMELL": {"label": 6, "hourly_pop": [[117, 91, 24], [54, 24, 25], [60, 23, 14], [18, 10, 11], [21, 9, 11], [12, 21, 7], [34, 37, 26], [23, 143, 21], [298, 121, 78], [239, 199, 75], [112, 247, 105], [136, 383, 140], [180, 352, 270], [677, 219, 122], [1293, 317, 347], [865, 683, 439], [528, 314, 194], [122, 184, 119], [128, 149, 105], [200, 236, 111], [461, 139, 149], [834, 211, 136], [1521, 154, 291], [1843, 300, 217]], "location": [42.49689, 1.51272]}, "PYRENEES": {"label": 14, "hourly_pop": [[428, 115, 115], [723, 158, 57], [590, 56, 27], [268, 45, 25], [618, 42, 33], [1169, 39, 22], [79, 34, 35], [57, 46, 96], [153, 56, 144], [567, 136, 111], [424, 509, 138], [1147, 745, 225], [879, 323, 234], [598, 200, 224], [916, 196, 335], [805, 179, 339], [823, 272, 366], [1447, 224, 291], [1983, 166, 466], [1867, 207, 604], [1681, 108, 621], [1507, 289, 628], [1229, 234, 1031], [3003, 94, 822]], "location": [42.50844, 1.52367]}, "ENGOLA": {"label": 1, "hourly_pop": [[0, 0, 0], [0, 0, 0], [0, 0, 0], [0, 0, 0], [0, 0, 0], [0, 0, 0], [0, 0, 0], [0, 0, 0], [0, 0, 0], [0, 0, 0], [0, 0, 0], [0, 0, 0], [0, 0, 0], [0, 0, 0], [0, 0, 0], [0, 0, 0], [0, 0, 0], [0, 0, 0], [0, 0, 0], [0, 0, 0], [0, 0, 0], [0, 0, 0], [0, 0, 0], [0, 0, 0]], "location": [42.51728, 1.56797]}, "NYERRO": {"label": 4, "hourly_pop": [[101, 33, 51], [210, 18, 30], [156, 15, 10], [14, 14, 5], [115, 14, 13], [13, 14, 8], [8, 21, 25], [70, 17, 12], [133, 65, 49], [120, 203, 45], [105, 90, 41], [181, 68, 75], [239, 191, 67], [210, 132, 86], [167, 114, 273], [132, 167, 209], [109, 212, 427], [206, 68, 120], [274, 72, 161], [437, 84, 153], [580, 74, 223], [1029, 154, 236], [597, 409, 124], [470, 83, 171]], "location": [42.50417, 1.52726]}, "CGRALI": {"label": 3, "hourly_pop": [[0, 0, 0], [0, 0, 0], [0, 0, 0], [0, 0, 0], [0, 0, 0], [0, 0, 0], [0, 0, 0], [0, 0, 0], [0, 0, 0], [0, 0, 0], [0, 0, 0], [0, 0, 0], [0, 0, 0], [0, 0, 0], [0, 0, 0], [0, 0, 0], [0, 0, 0], [0, 0, 0], [0, 0, 0], [0, 0, 0], [0, 0, 0], [0, 2, 0], [0, 0, 0], [0, 1, 0]], "location": [42.51728, 1.56797]}, "NEXUS": {"label": 12, "hourly_pop": [[0, 0, 0], [0, 0, 0], [0, 0, 0], [0, 0, 0], [0, 0, 0], [0, 0, 0], [0, 0, 0], [0, 0, 0], [0, 0, 0], [0, 0, 0], [0, 0, 0], [0, 0, 0], [0, 0, 0], [0, 0, 0], [0, 0, 0], [0, 0, 0], [0, 0, 0], [0, 0, 0], [0, 0, 0], [0, 0, 0], [0, 0, 0], [0, 0, 0], [0, 0, 0], [0, 0, 0]], "location": [42.49741, 1.50119]}, "POLICIA": {"label": 13, "hourly_pop": [[1073, 145, 74], [310, 112, 89], [108, 130, 85], [46, 109, 31], [36, 73, 29], [39, 67, 35], [46, 67, 25], [59, 119, 29], [366, 180, 35], [378, 408, 69], [641, 279, 82], [702, 249, 136], [627, 264, 226], [313, 418, 142], [427, 793, 148], [640, 184, 239], [433, 180, 161], [1041, 228, 310], [2497, 207, 300], [1780, 207, 840], [2224, 201, 2481], [1972, 211, 1300], [1477, 242, 1128], [1952, 165, 4484]], "location": [42.50742, 1.53814]}, "SUCARA": {"label": 17, "hourly_pop": [[739, 184, 59], [1548, 74, 209], [139, 47, 216], [32, 51, 165], [31, 47, 142], [30, 51, 133], [33, 52, 144], [78, 68, 130], [125, 385, 275], [353, 203, 219], [382, 392, 112], [610, 247, 262], [426, 277, 199], [705, 133, 175], [1201, 153, 267], [972, 110, 184], [790, 219, 181], [1521, 164, 310], [1153, 267, 530], [1857, 422, 605], [2297, 301, 1099], [1742, 246, 957], [2561, 212, 733], [2089, 228, 910]], "location": [42.51093, 1.54041]}, "PONTPL": {"label": 18, "hourly_pop": [[0, 0, 2], [0, 0, 0], [0, 0, 0], [0, 0, 0], [0, 0, 0], [0, 0, 0], [0, 0, 0], [0, 0, 2], [0, 0, 3], [2, 0, 2], [0, 1, 1], [0, 1, 2], [0, 0, 2], [0, 0, 1], [1, 0, 1], [1, 0, 2], [0, 0, 1], [0, 0, 0], [0, 0, 0], [1, 0, 2], [21, 1, 0], [2, 1, 4], [0, 0, 1], [2, 0, 3]], "location": [42.51533, 1.52725]}, "ANDORRA": {"label": 0, "hourly_pop": [[1223, 108, 96], [336, 62, 391], [115, 54, 29], [39, 39, 41], [21, 36, 62], [66, 51, 80], [318, 49, 99], [107, 44, 100], [247, 115, 164], [226, 217, 91], [608, 331, 118], [885, 445, 190], [1491, 519, 292], [618, 321, 360], [844, 248, 204], [844, 169, 164], [3067, 196, 176], [1015, 190, 300], [891, 211, 303], [1357, 289, 1114], [2411, 369, 1847], [2064, 253, 1305], [2215, 342, 1630], [2493, 143, 1533]], "location": [42.50794, 1.53253]}, "C_GRAL": {"label": 8, "hourly_pop": [[11, 8, 2], [4, 4, 2], [2, 2, 1], [0, 2, 0], [0, 2, 1], [0, 1, 1], [0, 2, 5], [0, 5, 11], [1, 2, 4], [3, 10, 1], [5, 11, 4], [7, 9, 6], [12, 5, 10], [8, 3, 5], [35, 9, 9], [17, 5, 17], [13, 0, 9], [7, 8, 11], [28, 10, 5], [26, 6, 3], [16, 8, 10], [23, 7, 8], [9, 13, 4], [6, 3, 14]], "location": [42.50629, 1.52104]}, "CONSELL_GENERAL": {"label": 9, "hourly_pop": [[104, 29, 20], [112, 17, 30], [48, 14, 8], [11, 9, 15], [16, 8, 9], [8, 8, 8], [19, 14, 90], [30, 31, 52], [137, 59, 9], [72, 129, 27], [46, 80, 17], [64, 87, 101], [130, 67, 154], [90, 104, 101], [763, 286, 253], [594, 98, 423], [370, 60, 57], [214, 181, 58], [134, 60, 98], [237, 51, 91], [527, 32, 105], [295, 49, 66], [297, 38, 71], [668, 23, 129]], "location": [42.50629, 1.52104]}, "ESTADI_NACIONAL": {"label": 11, "hourly_pop": [[1, 76, 8], [2, 91, 7], [1, 108, 2], [2, 109, 1], [0, 103, 1], [1, 102, 3], [0, 75, 2], [1, 3, 6], [0, 27, 2], [8, 10, 6], [3, 23, 15], [14, 21, 18], [12, 48, 8], [12, 31, 21], [35, 13, 18], [70, 13, 63], [9, 31, 22], [11, 31, 4], [15, 25, 8], [9, 29, 1], [31, 40, 5], [25, 46, 98], [4, 101, 30], [7, 135, 13]], "location": [42.50536, 1.51778]}, "FITER_ROSSELL": {"label": 10, "hourly_pop": [[0, 0, 0], [0, 0, 0], [0, 0, 0], [0, 0, 0], [0, 0, 0], [0, 0, 0], [0, 0, 0], [0, 0, 0], [0, 0, 0], [0, 0, 0], [0, 0, 0], [0, 0, 0], [0, 0, 0], [0, 0, 0], [0, 0, 0], [0, 0, 0], [0, 0, 0], [0, 0, 0], [0, 0, 0], [0, 0, 0], [0, 0, 0], [0, 0, 0], [0, 0, 0], [0, 0, 0]], "location": [42.51389, 1.52861]}, "PARKHO": {"label": 2, "hourly_pop": [[0, 0, 0], [0, 0, 0], [0, 0, 0], [0, 0, 0], [0, 0, 0], [0, 0, 0], [0, 0, 0], [0, 0, 0], [0, 0, 0], [0, 0, 0], [0, 0, 0], [0, 0, 0], [0, 0, 0], [0, 0, 0], [0, 0, 0], [0, 0, 0], [0, 0, 0], [0, 0, 0], [0, 0, 0], [0, 0, 0], [0, 0, 0], [0, 0, 0], [0, 0, 0], [0, 0, 0]], "location": [42.50946, 1.52311]}, "ST_ERMENGOL": {"label": 16, "hourly_pop": [[174, 82, 69], [36, 98, 58], [823, 26, 33], [147, 14, 21], [21, 20, 16], [19, 16, 15], [111, 11, 39], [43, 10, 30], [209, 24, 71], [458, 97, 48], [573, 174, 76], [547, 241, 155], [837, 306, 218], [477, 175, 170], [529, 153, 194], [462, 106, 119], [527, 137, 200], [539, 314, 259], [538, 248, 289], [569, 219, 556], [1837, 183, 1673], [1411, 166, 1281], [1222, 143, 766], [1493, 65, 1092]], "location": [42.51144, 1.53072]}, "TUNEL_GRAU_SABATA_MIG": {"label": 19, "hourly_pop": [[38, 37, 7], [8, 78, 50], [25, 4, 5], [10, 3, 1], [8, 2, 1], [8, 2, 2], [9, 2, 1], [37, 2, 3], [28, 3, 3], [156, 18, 3], [39, 39, 30], [6, 25, 92], [50, 16, 33], [116, 4, 28], [7, 17, 2], [5, 0, 17], [42, 3, 99], [68, 3, 367], [26, 7, 48], [93, 30, 49], [201, 11, 70], [1084, 8, 29], [1237, 4, 27], [902, 2, 9]], "location": [42.51533, 1.52725]}, "VINYES": {"label": 20,