{"Centre": {"location": [42.5063, 1.5218], "hourly_pop": [[12106, 949, 11702], [8697, 513, 10000], [11027, 402, 9677], [4681, 246, 9542], [4035, 296, 1950], [3641, 264, 1089], [2456, 208, 1060], [2736, 486, 2350], [5111, 1011, 3534], [9859, 2012, 5014], [10980, 2471, 6915], [16064, 3016, 5645], [18266, 3158, 6752], [16802, 3124, 5755], [13887, 2285, 4930], [13141, 2026, 4611], [11853, 1948, 5634], [13515, 2361, 6407], [13406, 2093, 7035], [15081, 1985, 4865], [13834, 1758, 5309], [11095, 1316, 5719], [12217, 1296, 5486], [10879, 1717, 4031]]}, "Canillo": {"location": [42.56833, 1.64667], "hourly_pop": [[2957, 83, 379], [4067, 39, 250], [3793, 61, 238], [1981, 86, 91], [399, 47, 85], [651, 24, 71], [341, 27, 203], [1029, 80, 139], [931, 84, 457], [1520, 162, 735], [1611, 220, 616], [1820, 150, 547], [1771, 123, 1021], [1425, 146, 463], [1439, 138, 768], [1541, 266, 777], [2246, 417, 566], [1267, 146, 518], [1487, 1066, 841], [2361, 934, 555], [1117, 728, 639], [1736, 286, 648], [2058, 149, 556], [1145, 302, 374]]}, "Global": {"location": ["Nan", "Nan"], "hourly_pop": [[16, 1, 10], [0, 4, 6], [0, 2, 4], [0, 1, 4], [0, 2, 1], [0, 2, 2], [3, 1, 8], [3, 5, 17], [1, 12, 11], [2, 9, 11], [26, 8, 27], [12, 37, 50], [40, 24, 25], [11, 9, 18], [11, 7, 7], [21, 9, 18], [13, 7, 6], [12, 21, 1], [6, 10, 9], [13, 10, 6], [16, 6, 4], [6, 2, 3], [0, 4, 4], [4, 1, 3]]}, "PasDeLaCasa": {"location": [42.53278, 1.7], "hourly_pop": [[286, 27, 465], [90, 18, 71], [147, 3, 44], [37, 6, 43], [29, 3, 49], [46, 2, 35], [42, 6, 43], [242, 13, 42], [524, 39, 136], [898, 40, 284], [984, 56, 379], [1369, 124, 1330], [1484, 85, 583], [1412, 210, 463], [1183, 100, 491], [985, 93, 744], [1602, 206, 726], [985, 175, 569], [1458, 110, 460], [1026, 187, 443], [480, 123, 303], [449, 100, 230], [384, 78, 233], [347, 29, 152]]}, "Ordino": {"location": [42.59778, 1.5275], "hourly_pop": [[1497, 45, 257], [78, 16, 96], [76, 10, 57], [41, 10, 58], [35, 15, 61], [48, 11, 55], [65, 34, 100], [187, 25, 350], [153, 61, 461], [347, 74, 296], [308, 100, 211], [291, 92, 244], [215, 52, 132], [167, 54, 82], [281, 46, 89], [249, 68, 96], [281, 45, 81], [182, 66, 81], [101, 25, 56], [121, 23, 55], [88, 30, 123], [79, 41, 125], [113, 46, 36], [12, 26, 37]]}, "StJulia": {"location": [42.48722, 1.49], "hourly_pop": [[647, 665, 124], [306, 402, 85], [236, 207, 108], [499, 67, 39], [179, 63, 32], [150, 46, 21], [34, 133, 34], [49, 554, 88], [190, 1074, 203], [274, 1366, 373], [441, 2165, 895], [1084, 2346, 811], [524, 2652, 1179], [503, 1892, 1135], [777, 1505, 848], [564, 1526, 916], [433, 1403, 831], [564, 1274, 891], [449, 1330, 601], [590, 947, 493], [437, 576, 285], [589, 585, 700], [862, 346, 152], [644, 209, 188]]}, "Encamp": {"location": [42.53444, 1.58], "hourly_pop": [[628, 313, 139], [324, 302, 119], [119, 283, 90], [71, 286, 68], [89, 195, 64], [77, 29, 163], [144, 28, 131], [154, 85, 158], [893, 93, 588], [1160, 262, 427], [1117, 239, 557], [605, 230, 739], [1306, 292, 376], [765, 287, 408], [731, 161, 488], [887, 256, 566], [1124, 118, 391], [637, 207, 374], [920, 114, 364], [1016, 178, 463], [884, 129, 367], [695, 134, 279], [528, 143, 394], [625, 87, 220]]}, "Massana": {"location": [42.54391, 1.51493], "hourly_pop": [[2947, 391, 2503], [2728, 208, 1484], [1415, 103, 634], [890, 87, 356], [1008, 50, 388], [586, 64, 608], [734, 175, 241], [1465, 264, 1470], [3469, 491, 1637], [5007, 370, 3410], [4364, 367, 4641], [3663, 528, 5365], [3681, 543, 4756], [3660, 551, 3660], [4363, 947, 4673], [5510, 576, 4012], [6853, 344, 3483], [7431, 308, 2823], [4908, 381, 3094], [3659, 247, 2759], [4025, 234, 1783], [4089, 245, 1109], [4011, 220, 1309], [4531, 328, 1747]]}}